都道府県,市町村名,役所名,lon,lat
山梨県,南アルプス市,南アルプス市役所,138.465005,35.608361
山梨県,北杜市,北杜市役所,138.423537,35.776501
山梨県,甲斐市,甲斐市役所,138.515796,35.660829
山梨県,笛吹市,笛吹市役所,138.63973,35.647296
山梨県,都留市,都留市役所,138.90547,35.551565
山梨県,山梨市,山梨市役所,138.686955,35.69342902
山梨県,大月市,大月市役所,138.940041,35.610474
山梨県,韮崎市,韮崎市役所,138.446192,35.708804
福井県,おおい町,おおい町役場,135.617885,35.481128
福井県,若狭町,若狭町役場三方庁舎,135.908384,35.548882
山梨県,甲府市,甲府市役所,138.5683386,35.66203333
山梨県,富士吉田市,富士吉田市役所,138.807857,35.487499
静岡県,富士市,富士市役所,138.676311,35.161386
静岡県,磐田市,磐田市役所,137.851511,34.717881
静岡県,焼津市,焼津市役所,138.32326,34.866906
静岡県,掛川市,掛川市役所,137.998403,34.768717
静岡県,三島市,三島市役所,138.918501,35.118483
静岡県,富士宮市,富士宮市役所,138.621656,35.221983
静岡県,伊東市,伊東市役所,139.102048,34.96568
静岡県,島田市,島田市役所,138.176055,34.836417
静岡県,静岡市,静岡市役所,138.382388,34.975473
静岡県,浜松市,浜松市役所,137.726117,34.710865
静岡県,沼津市,沼津市役所,138.863337,35.095723
静岡県,熱海市,熱海市役所,139.071546,35.095987
岐阜県,白川町,白川町役場,137.187821,35.581862
岐阜県,東白川村,東白川村役場,137.323745,35.64256
岐阜県,御嵩町,御嵩町役場,137.130885,35.434493
岐阜県,白川村,白川村役場,136.898542,36.270904
静岡県,河津町,河津町役場,138.987622,34.757018
静岡県,南伊豆町,南伊豆町役場,138.858533,34.651089
静岡県,松崎町,松崎町役場,138.778757,34.752763
静岡県,西伊豆町,西伊豆町役場,138.775334,34.771693
静岡県,菊川市,菊川市役所,138.084539,34.757721
静岡県,伊豆の国市,伊豆の国市役所,138.928885,35.027713
静岡県,牧之原市,牧之原市役所,138.224641,34.740059
静岡県,東伊豆町,東伊豆町役場,139.041265,34.772816
静岡県,裾野市,裾野市役所,138.906724,35.173891
静岡県,湖西市,湖西市役所,137.531617,34.718474
静岡県,伊豆市,伊豆市役所,138.946715,34.976591
静岡県,御前崎市,御前崎市役所,138.128117,34.637977
静岡県,藤枝市,藤枝市役所,138.257548,34.867349
静岡県,御殿場市,御殿場市役所,138.934506,35.308615
静岡県,袋井市,袋井市役所,137.924624,34.75016
静岡県,下田市,下田市役所,138.945316,34.679536
愛知県,半田市,半田市役所,136.93785,34.892626
愛知県,春日井市,春日井市役所,136.972232,35.247664
愛知県,豊川市,豊川市役所,137.375578,34.826784
愛知県,津島市,津島市役所,136.741236,35.17704
愛知県,豊橋市,豊橋市役所,137.391469,34.769199
愛知県,岡崎市,岡崎市役所,137.172999,34.954809
愛知県,一宮市,一宮市役所,136.802344,35.304013
愛知県,瀬戸市,瀬戸市役所,137.084117,35.22362
静岡県,吉田町,吉田町役場,138.251943,34.77087
静岡県,川根本町,川根本町役場,138.081695,35.046822
静岡県,森町,森町役場,137.927088,34.835601
愛知県,名古屋市,名古屋市役所,136.906421,35.181433
静岡県,函南町,函南町役場,138.953348,35.088937
静岡県,清水町,清水町役場,138.90272,35.099015
静岡県,長泉町,長泉町役場,138.897258,35.137712
静岡県,小山町,小山町役場,138.987296,35.36011
愛知県,東海市,東海市役所,136.902229,35.022976
愛知県,大府市,大府市役所,136.963868,35.011611
愛知県,知多市,知多市役所,136.864755,34.996533
愛知県,知立市,知立市役所,137.050843,35.001285
愛知県,江南市,江南市役所,136.870453,35.331953
愛知県,小牧市,小牧市役所,136.911971,35.291141
愛知県,稲沢市,稲沢市役所,136.780216,35.248135
愛知県,新城市,新城市役所,137.498504,34.899226
愛知県,西尾市,西尾市役所,137.061741,34.862009
愛知県,蒲郡市,蒲郡市役所,137.219653,34.826439
愛知県,犬山市,犬山市役所,136.944625,35.378641
愛知県,常滑市,常滑市役所,136.832375,34.886678
愛知県,碧南市,碧南市役所,136.993362,34.884782
愛知県,刈谷市,刈谷市役所,137.00206,34.988864
愛知県,豊田市,豊田市役所,137.156224,35.082345
愛知県,安城市,安城市役所,137.080297,34.958644
長野県,池田町,池田町役場,137.874499,36.421368
長野県,松川村,松川村役場,137.854556,36.424045
長野県,白馬村,白馬村役場,137.861969,36.69807
長野県,小谷村,小谷村役場,137.908305,36.779206
長野県,生坂村,生坂村役場,137.927484,36.425234
長野県,山形村,山形村役場,137.87897,36.168104
長野県,朝日村,朝日村役場,137.866114,36.123531
長野県,筑北村,筑北村役場,138.015179,36.426355
長野県,王滝村,王滝村役場,137.551076,35.809343
長野県,大桑村,大桑村役場,137.664938,35.682834
長野県,木曽町,木曽町役場,137.691534,35.842455
長野県,麻績村,麻績村役場,138.045267,36.456086
長野県,大鹿村,大鹿村役場,138.034044,35.578234
長野県,上松町,上松町役場,137.694153,35.78402
長野県,南木曽町,南木曽町役場,137.608936,35.603787
長野県,木祖村,木祖村役場,137.783163,35.936307
岐阜県,高山市,高山市役所,137.252206,36.146093
岐阜県,多治見市,多治見市役所,137.132078,35.332773
岐阜県,関市,関市役所,136.917895,35.495777
岐阜県,中津川市,中津川市役所,137.500616,35.487493
長野県,飯綱町,飯綱町役場,138.23553,36.754661
長野県,栄村,栄村役場,138.577359,36.987481
岐阜県,岐阜市,岐阜市役所,136.760657,35.423301
岐阜県,大垣市,大垣市役所,136.612753,35.359365
長野県,木島平村,木島平村役場,138.406696,36.858462
長野県,野沢温泉村,野沢温泉村役場,138.440456,36.922728
長野県,信濃町,信濃町役場,138.206991,36.806379
長野県,小川村,小川村役場,137.974801,36.617135
長野県,坂城町,坂城町役場,138.180106,36.461839
長野県,小布施町,小布施町役場,138.312146,36.697478
長野県,高山村,高山村役場,138.363261,36.67977
長野県,山ノ内町,山ノ内町役場,138.412621,36.744606
岐阜県,郡上市,郡上市役所,136.964368,35.748569
岐阜県,下呂市,下呂市役所,137.244061,35.805879
岐阜県,海津市,海津市役所,136.636612,35.22047
岐阜県,岐南町,岐南町役場,136.78262,35.389594
岐阜県,山県市,山県市役所,136.781401,35.506111
岐阜県,瑞穂市,瑞穂市役所,136.690784,35.391826
岐阜県,飛騨市,飛騨市役所,137.186246,36.238144
岐阜県,本巣市,本巣市役所,136.678771,35.483052
岐阜県,美濃加茂市,美濃加茂市役所,137.015664,35.440242
岐阜県,土岐市,土岐市役所,137.183205,35.352497
岐阜県,各務原市,各務原市役所,136.848393,35.398912
岐阜県,可児市,可児市役所,137.061075,35.426132
岐阜県,美濃市,美濃市役所,136.90757,35.544713
岐阜県,瑞浪市,瑞浪市役所,137.254639,35.36174
岐阜県,羽島市,羽島市役所,136.703349,35.31991
岐阜県,恵那市,恵那市役所,137.412817,35.44932
岐阜県,富加町,富加町役場,136.979707,35.484761
岐阜県,川辺町,川辺町役場,137.070605,35.486548
岐阜県,七宗町,七宗町役場,137.119946,35.54384
岐阜県,八百津町,八百津町役場,137.141499,35.475988
岐阜県,大野町,大野町役場,136.627636,35.470675
岐阜県,池田町,池田町役場,136.572851,35.4423
岐阜県,北方町,北方町役場,136.685972,35.436961
岐阜県,坂祝町,坂祝町役場,136.98537,35.426734
岐阜県,神戸町,神戸町役場,136.608517,35.417349
岐阜県,輪之内町,輪之内町役場,136.637444,35.285113
岐阜県,安八町,安八町役場,136.665415,35.335418
岐阜県,揖斐川町,揖斐川町役場,136.5682,35.486948
岐阜県,笠松町,笠松町役場,136.763192,35.367222
岐阜県,養老町,養老町役場,136.561359,35.308411
岐阜県,垂井町,垂井町役場,136.527095,35.370244
岐阜県,関ケ原町,関ケ原町役場,136.466976,35.365523
埼玉県,伊奈町,伊奈町役場,139.623877,35.999865
埼玉県,三芳町,三芳町役場,139.526514,35.828347
埼玉県,毛呂山町,毛呂山町役場,139.315954,35.941596
埼玉県,越生町,越生町役場,139.294202,35.964478
埼玉県,ふじみ野市,ふじみ野市役所,139.51982,35.879396
埼玉県,ふじみ野市,ふじみ野市役所出張所,139.510121,35.873186
埼玉県,白岡市,白岡市役所,139.676861,36.01907
埼玉県,白岡市,白岡市役所連絡所,139.666493,36.01809
埼玉県,幸手市,幸手市役所,139.725805,36.078089
埼玉県,鶴ヶ島市,鶴ヶ島市役所,139.393126,35.934523
埼玉県,日高市,日高市役所,139.33914,35.907748
埼玉県,吉川市,吉川市役所,139.841328,35.891124
埼玉県,富士見市,富士見市役所,139.549074,35.856759
埼玉県,三郷市,三郷市役所,139.872247,35.830132
埼玉県,蓮田市,蓮田市役所,139.6622,35.994504
埼玉県,坂戸市,坂戸市役所,139.402983,35.957262
埼玉県,美里町,美里町役場,139.18141,36.177104
埼玉県,神川町,神川町役場,139.101578,36.213901
埼玉県,上里町,上里町役場,139.14487,36.251615
埼玉県,寄居町,寄居町役場,139.193014,36.118348
埼玉県,皆野町,皆野町役場,139.098754,36.070845
埼玉県,長瀞町,長瀞町役場,139.10972,36.114787
埼玉県,小鹿野町,小鹿野町役場,139.008604,36.017138
埼玉県,東秩父村,東秩父村役場,139.194573,36.058148
埼玉県,吉見町,吉見町役場,139.45373,36.039853
埼玉県,鳩山町,鳩山町役場,139.334106,35.981468
埼玉県,ときがわ町,ときがわ町役場,139.296763,36.00857
埼玉県,横瀬町,横瀬町役場,139.100049,35.987286
埼玉県,滑川町,滑川町役場,139.360919,36.06599
埼玉県,嵐山町,嵐山町役場,139.320514,36.056568
埼玉県,小川町,小川町役場,139.261789,36.056657
埼玉県,川島町,川島町役場,139.481521,35.982039
千葉県,成田市,成田市役所,140.318781,35.776605
千葉県,佐倉市,佐倉市役所,140.223972,35.723441
千葉県,東金市,東金市役所,140.366115,35.559932
千葉県,旭市,旭市役所,140.64659,35.720454
千葉県,木更津市,木更津市役所,139.916884,35.375969
千葉県,松戸市,松戸市役所,139.903226,35.787652
千葉県,野田市,野田市役所,139.874828,35.955106
千葉県,茂原市,茂原市役所,140.28805,35.42854
千葉県,銚子市,銚子市役所,140.826791,35.734667
千葉県,市川市,市川市役所,139.931013,35.721914
千葉県,船橋市,船橋市役所,139.982621,35.694711
千葉県,館山市,館山市役所,139.870085,34.996608
埼玉県,宮代町,宮代町役場,139.723069,36.022593
埼玉県,杉戸町,杉戸町役場,139.736829,36.025618
埼玉県,松伏町,松伏町役場,139.815139,35.925751
千葉県,千葉市,千葉市役所,140.10638,35.607331
千葉県,四街道市,四街道市役所,140.167957,35.669713
千葉県,袖ケ浦市,袖ケ浦市役所,139.954353,35.429945
千葉県,八街市,八街市役所,140.317913,35.665859
千葉県,印西市,印西市役所,140.145765,35.832332
千葉県,鎌ケ谷市,鎌ケ谷市役所,140.000736,35.776765
千葉県,君津市,君津市役所,139.902561,35.330424
千葉県,富津市,富津市役所,139.857113,35.30414
千葉県,浦安市,浦安市役所,139.902187,35.653988
千葉県,流山市,流山市役所,139.902586,35.856287
千葉県,八千代市,八千代市役所,140.099915,35.722381
千葉県,我孫子市,我孫子市役所,140.028225,35.864162
千葉県,鴨川市,鴨川市役所,140.098805,35.114017
千葉県,習志野市,習志野市役所,140.024384,35.682932
千葉県,柏市,柏市役所,139.976199,35.868295
千葉県,勝浦市,勝浦市役所,140.320868,35.152211
千葉県,市原市,市原市役所,140.115594,35.497897
群馬県,上野村,上野村役場,138.777334,36.083135
群馬県,神流町,神流町役場,138.916991,36.116013
群馬県,下仁田町,下仁田町役場,138.789083,36.21247
群馬県,南牧村,南牧村役場,138.711406,36.158553
群馬県,安中市,安中市役所,138.887244,36.326298
群馬県,みどり市,みどり市役所,139.281076,36.394819
群馬県,榛東村,榛東村役場,138.967118,36.438647
群馬県,吉岡町,吉岡町役場,139.0097,36.447443
群馬県,館林市,館林市役所,139.542057,36.244841
群馬県,渋川市,渋川市役所,139.000394,36.48948
群馬県,藤岡市,藤岡市役所,139.074564,36.258509
群馬県,富岡市,富岡市役所,138.889954,36.259852
群馬県,桐生市,桐生市役所,139.330646,36.40521
群馬県,伊勢崎市,伊勢崎市役所,139.19696,36.311341
群馬県,太田市,太田市役所,139.37536,36.291127
群馬県,沼田市,沼田市役所,139.044074,36.646078
群馬県,板倉町,板倉町役場,139.610271,36.222955
群馬県,明和町,明和町役場,139.534228,36.211283
群馬県,千代田町,千代田町役場,139.442437,36.217754
群馬県,大泉町,大泉町役場,139.404843,36.247862
群馬県,川場村,川場村役場,139.106512,36.694683
群馬県,昭和村,昭和村役場,139.065881,36.639761
群馬県,みなかみ町,みなかみ町役場,138.999055,36.67865
群馬県,玉村町,玉村町役場,139.114916,36.304435
群馬県,草津町,草津町役場,138.596127,36.620711
群馬県,高山村,高山村役場,138.943477,36.620809
群馬県,東吾妻町,東吾妻町役場,138.825563,36.571414
群馬県,片品村,片品村役場,139.225241,36.772549
群馬県,甘楽町,甘楽町役場,138.921752,36.243009
群馬県,中之条町,中之条町役場,138.841075,36.589843
群馬県,長野原町,長野原町役場,138.637572,36.552434
群馬県,嬬恋村,嬬恋村役場,138.530298,36.516735
埼玉県,東松山市,東松山市役所,139.39995,36.042162
埼玉県,春日部市,春日部市役所,139.752409,35.975305
埼玉県,狭山市,狭山市役所,139.412227,35.852907
埼玉県,羽生市,羽生市役所,139.548592,36.172667
埼玉県,飯能市,飯能市役所,139.327791,35.85576
埼玉県,加須市,双葉町役場埼玉支所（,139.574924,36.102061
埼玉県,加須市,加須市役所,139.601775,36.131438
埼玉県,本庄市,本庄市役所,139.190629,36.243329
埼玉県,川口市,川口市役所,139.724171,35.807741
埼玉県,行田市,行田市役所,139.455646,36.138951
埼玉県,秩父市,秩父市役所,139.085475,35.991681
埼玉県,所沢市,所沢市役所,139.468613,35.799672
群馬県,邑楽町,邑楽町役場,139.4623,36.252392
埼玉県,さいたま市,さいたま市役所,139.645502,35.861515
埼玉県,川越市,川越市役所,139.48584,35.925112
埼玉県,熊谷市,熊谷市役所,139.388664,36.147362
埼玉県,桶川市,桶川市役所,139.558177,36.002966
埼玉県,久喜市,久喜市役所,139.666838,36.062059
埼玉県,北本市,北本市役所,139.53024,36.027026
埼玉県,八潮市,八潮市役所,139.839175,35.822539
埼玉県,朝霞市,朝霞市役所,139.593919,35.797255
埼玉県,志木市,志木市役所,139.58023,35.836614
埼玉県,和光市,和光市役所,139.605693,35.781104
埼玉県,新座市,新座市役所,139.56533,35.793497
埼玉県,越谷市,越谷市役所,139.790943,35.891087
埼玉県,蕨市,蕨市役所,139.679758,35.825576
埼玉県,戸田市,戸田市役所,139.677931,35.817635
埼玉県,入間市,入間市役所,139.391058,35.835769
埼玉県,鴻巣市,鴻巣市役所,139.522172,36.065758
埼玉県,深谷市,深谷市役所,139.28147,36.197466
埼玉県,上尾市,上尾市役所,139.593203,35.977408
埼玉県,草加市,草加市役所,139.805327,35.825371
神奈川県,厚木市,厚木市役所,139.362442,35.443049
神奈川県,大和市,大和市役所,139.45795,35.487515
神奈川県,伊勢原市,伊勢原市役所,139.314906,35.402985
神奈川県,海老名市,海老名市役所,139.390803,35.446449
神奈川県,茅ヶ崎市,茅ヶ崎市役所,139.404702,35.333879
神奈川県,逗子市,逗子市役所,139.580414,35.295592
神奈川県,三浦市,三浦市役所,139.620765,35.144176
神奈川県,秦野市,秦野市役所,139.219946,35.3748
神奈川県,平塚市,平塚市役所,139.349412,35.335502
神奈川県,鎌倉市,鎌倉市役所,139.54669,35.319228
神奈川県,藤沢市,藤沢市役所,139.491116,35.33894
神奈川県,小田原市,小田原市役所,139.152355,35.264694
神奈川県,横浜市,横浜市役所,139.637954,35.444035
神奈川県,川崎市,川崎市役所,139.703012,35.530806
神奈川県,相模原市,相模原市役所,139.373268,35.571376
神奈川県,横須賀市,横須賀市役所,139.672284,35.281276
神奈川県,箱根町,箱根町役場,139.106886,35.232301
神奈川県,真鶴町,真鶴町役場,139.137233,35.158399
神奈川県,湯河原町,湯河原町役場,139.108336,35.147931
神奈川県,愛川町,愛川町役場,139.32172,35.528746
神奈川県,大井町,大井町役場,139.156649,35.326619
神奈川県,松田町,松田町役場,139.139337,35.348199
神奈川県,山北町,山北町役場,139.083806,35.360631
神奈川県,開成町,開成町役場,139.123183,35.33643
神奈川県,寒川町,寒川町役場,139.384188,35.372963
神奈川県,大磯町,大磯町役場,139.311348,35.30694
神奈川県,二宮町,二宮町役場,139.255525,35.299494
神奈川県,中井町,中井町役場,139.218766,35.330751
神奈川県,座間市,座間市役所,139.407637,35.48864
神奈川県,南足柄市,南足柄市役所,139.099729,35.320633
神奈川県,綾瀬市,綾瀬市役所,139.426348,35.437161
神奈川県,葉山町,葉山町役場,139.586275,35.272025
新潟県,糸魚川市,糸魚川市役所,137.862658,37.039025
新潟県,妙高市,妙高市役所,138.253485,37.025265
新潟県,五泉市,五泉市役所,139.182568,37.744483
新潟県,上越市,上越市役所,138.236039,37.147873
新潟県,十日町市,十日町市役所,138.75571,37.127588
新潟県,見附市,見附市役所,138.912724,37.531496
新潟県,村上市,村上市役所,139.48004,38.22399
新潟県,燕市,燕市役所,138.882249,37.673149
新潟県,柏崎市,柏崎市役所,138.558835,37.371968
新潟県,新発田市,新発田市役所,139.327898,37.950883
新潟県,小千谷市,小千谷市役所,138.795097,37.31435
新潟県,加茂市,加茂市役所,139.04022,37.666335
神奈川県,清川村,清川村役場,139.276374,35.48233
新潟県,新潟市,新潟市役所,139.036402,37.916128
新潟県,長岡市,長岡市役所,138.851224,37.446587
新潟県,三条市,三条市役所,138.9617,37.636768
新潟県,刈羽村,刈羽村役場,138.622442,37.422361
新潟県,関川村,関川村役場,139.564957,38.089412
新潟県,粟島浦村,粟島浦村役場,139.25436,38.468213
富山県,富山市,富山市役所,137.213449,36.695982
新潟県,阿賀町,阿賀町役場,139.458781,37.675487
新潟県,出雲崎町,出雲崎町役場,138.709361,37.530715
新潟県,湯沢町,湯沢町役場,138.817424,36.934007
新潟県,津南町,津南町役場,138.652547,37.014313
新潟県,胎内市,胎内市役所,139.41035,38.059708
新潟県,聖籠町,聖籠町役場,139.274374,37.974526
新潟県,弥彦村,弥彦村役場,138.855252,37.691007
新潟県,田上町,田上町役場,139.057993,37.698857
新潟県,阿賀野市,阿賀野市役所,139.226002,37.834509
新潟県,佐渡市,佐渡市役所,138.368138,38.018302
新潟県,魚沼市,魚沼市役所,138.961434,37.230103
新潟県,南魚沼市,南魚沼市役所,138.876081,37.065522
千葉県,東庄町,東庄町役場,140.668786,35.83715
千葉県,九十九里町,九十九里町役場,140.44025,35.535065
千葉県,芝山町,芝山町役場,140.414255,35.693064
千葉県,横芝光町,横芝光町役場,140.504396,35.665609
千葉県,酒々井町,酒々井町役場,140.269483,35.724751
千葉県,栄町,栄町役場,140.243945,35.840866
千葉県,神崎町,神崎町役場,140.405326,35.901611
千葉県,多古町,多古町役場,140.467727,35.735592
千葉県,香取市,香取市役所,140.499248,35.89773
千葉県,山武市,山武市役所,140.413531,35.602992
千葉県,いすみ市,いすみ市役所,140.385117,35.253887
千葉県,大網白里市,大網白里市役所,140.320963,35.521708
千葉県,白井市,白井市役所,140.056372,35.791503
千葉県,富里市,富里市役所,140.343071,35.72681
千葉県,南房総市,南房総市役所,139.839997,35.043147
千葉県,匝瑳市,匝瑳市役所,140.564356,35.707914
東京都,三鷹市,三鷹市役所,139.559883,35.683308
東京都,青梅市,青梅市役所,139.274994,35.788171
東京都,府中市,府中市役所,139.477663,35.668921
東京都,昭島市,昭島市役所,139.353773,35.705705
千葉県,鋸南町,鋸南町役場,139.835645,35.111131
東京都,八王子市,八王子市役所,139.316075,35.66657
東京都,立川市,立川市役所,139.407846,35.713981
東京都,武蔵野市,武蔵野市役所,139.565938,35.717837
千葉県,長柄町,長柄町役場,140.227073,35.431152
千葉県,長南町,長南町役場,140.237039,35.386423
千葉県,大多喜町,大多喜町役場,140.245419,35.284822
千葉県,御宿町,御宿町役場,140.348785,35.191484
千葉県,一宮町,一宮町役場,140.368734,35.372812
千葉県,睦沢町,睦沢町役場,140.319275,35.361091
千葉県,長生村,長生村役場,140.354058,35.412179
千葉県,白子町,白子町役場,140.374253,35.45434
東京都,東久留米市,東久留米市役所,139.529673,35.757992
東京都,武蔵村山市,武蔵村山市役所,139.387421,35.754906
東京都,多摩市,多摩市役所,139.446366,35.636959
東京都,稲城市,稲城市役所,139.504603,35.637938
東京都,福生市,福生市役所,139.326744,35.738601
東京都,狛江市,狛江市役所,139.578696,35.634814
東京都,東大和市,東大和市役所,139.426591,35.745328
東京都,清瀬市,清瀬市役所,139.526422,35.785761
東京都,日野市,日野市役所,139.394981,35.671347
東京都,東村山市,東村山市役所,139.468484,35.754624
東京都,国分寺市,国分寺市役所,139.462252,35.710943
東京都,国立市,国立市役所,139.441366,35.683912
東京都,調布市,調布市役所,139.540683,35.650628
東京都,町田市,町田市役所,139.438527,35.546559
東京都,小金井市,小金井市役所,139.502989,35.699479
東京都,小平市,小平市役所,139.477474,35.728496
東京都,御蔵島村,御蔵島村役場,139.596009,33.897156
東京都,八丈町,八丈町役場,139.790927,33.109413
東京都,青ヶ島村,青ヶ島村役場,139.763337,32.466537
東京都,小笠原村,小笠原村役場,142.191904,27.09438
東京都,利島村,利島村役場,139.282584,34.529354
東京都,新島村,新島村役場,139.256556,34.377138
東京都,神津島村,神津島村役場,139.134426,34.205371
東京都,三宅村,三宅村役場,139.479747,34.075779
東京都,日の出町,日の出町役場,139.257405,35.742115
東京都,檜原村,檜原村役場,139.148852,35.72684
東京都,奥多摩町,奥多摩町役場,139.096214,35.80952
東京都,大島町,大島町役場,139.355619,34.750058
東京都,羽村市,羽村市役所,139.311042,35.767168
東京都,あきる野市,あきる野市役所,139.294046,35.728959
東京都,西東京市,西東京市役所,139.538159,35.725499
東京都,瑞穂町,瑞穂町役場,139.354054,35.771989
山形県,上山市,上山市役所,140.26783,38.149562
山形県,村山市,村山市役所,140.38038,38.483352
山形県,長井市,長井市役所,140.040535,38.107486
山形県,天童市,天童市役所,140.377802,38.362177
山形県,鶴岡市,鶴岡市役所,139.826725,38.727183
山形県,酒田市,酒田市役所,139.836513,38.914386
山形県,新庄市,新庄市役所,140.301664,38.76496
山形県,寒河江市,寒河江市役所,140.276068,38.380954
秋田県,羽後町,羽後町役場,140.412881,39.199323
秋田県,東成瀬村,東成瀬村役場,140.648892,39.179185
山形県,山形市,山形市役所,140.339605,38.255436
山形県,米沢市,米沢市役所,140.116683,37.922242
秋田県,八郎潟町,八郎潟町役場,140.073335,39.949355
秋田県,井川町,井川町役場,140.081265,39.914188
秋田県,大潟村,大潟村役場,139.960064,40.017788
秋田県,美郷町,美郷町役場,140.582127,39.461633
山形県,舟形町,舟形町役場,140.319988,38.691417
山形県,真室川町,真室川町役場,140.252367,38.857899
山形県,大蔵村,大蔵村役場,140.230368,38.704121
山形県,鮭川村,鮭川村役場,140.222007,38.796455
山形県,大江町,大江町役場,140.206793,38.380713
山形県,大石田町,大石田町役場,140.372647,38.593877
山形県,金山町,金山町役場,140.339367,38.88344
山形県,最上町,最上町役場,140.519359,38.758467
山形県,中山町,中山町役場,140.283051,38.333122
山形県,河北町,河北町役場,140.31431,38.426276
山形県,西川町,西川町役場,140.147661,38.426487
山形県,朝日町,朝日町役場,140.145924,38.299293
山形県,東根市,東根市役所,140.391021,38.431292
山形県,尾花沢市,尾花沢市役所,140.405693,38.60062
山形県,南陽市,南陽市役所,140.148309,38.055116
山形県,山辺町,山辺町役場,140.26218,38.289217
福島県,会津若松市,会津若松市役所,139.929707,37.494842
福島県,会津若松市,大熊町役場会津若松出,139.928077,37.490089
福島県,郡山市,郡山市役所,140.35965,37.400455
福島県,郡山市,富岡町役場郡山事務所,140.320167,37.395435
山形県,遊佐町,遊佐町役場,139.907338,39.014585
福島県,福島市,福島市役所,140.473269,37.760759
福島県,福島市,浪江町役場福島出張所,140.473944,37.760918
福島県,福島市,飯舘村役場飯野出張所,140.537566,37.657257
山形県,白鷹町,白鷹町役場,140.098571,38.183069
山形県,飯豊町,飯豊町役場,139.987617,38.045714
山形県,三川町,三川町役場,139.849612,38.794529
山形県,庄内町,庄内町役場,139.904723,38.849845
山形県,戸沢村,戸沢村役場,140.143569,38.737601
山形県,高畠町,高畠町役場,140.189113,38.002745
山形県,川西町,川西町役場,140.045787,38.004482
山形県,小国町,小国町役場,139.743333,38.061391
福島県,二本松市,大熊町役場中通り連絡,140.430221,37.585597
福島県,二本松市,浪江町役場二本松事務,140.449028,37.570352
福島県,田村市,田村市役所,140.569098,37.441366
福島県,南相馬市,南相馬市役所,140.957237,37.642197
福島県,須賀川市,須賀川市役所,140.354272,37.289441
福島県,喜多方市,喜多方市役所,139.874484,37.651134
福島県,相馬市,相馬市役所,140.919628,37.796525
福島県,二本松市,二本松市役所,140.431199,37.584783
福島県,いわき市,双葉町役場いわき事務,140.800628,36.921876
福島県,いわき市,双葉町役場いわき南台,140.749188,36.935671
福島県,いわき市,浪江町役場いわき出張,140.889636,37.05254
福島県,白河市,白河市役所,140.210923,37.126379
福島県,郡山市,双葉町役場郡山支所（,140.360011,37.402415
福島県,いわき市,いわき市役所,140.887687,37.050456
福島県,いわき市,楢葉町役場いわき出張,140.911934,37.018192
福島県,いわき市,富岡町役場いわき支所,140.885597,37.050191
宮城県,塩竈市,塩竈市役所,141.02203,38.31436
宮城県,気仙沼市,気仙沼市役所,141.570044,38.908127
宮城県,白石市,白石市役所,140.619888,38.002467
宮城県,名取市,名取市役所,140.891849,38.171501
岩手県,洋野町,洋野町役場,141.71865,40.408298
岩手県,一戸町,一戸町役場,141.29546,40.212733
宮城県,仙台市,仙台市役所,140.869617,38.268008
宮城県,石巻市,石巻市役所,141.302906,38.434457
岩手県,普代村,普代村役場,141.886014,40.005164
岩手県,軽米町,軽米町役場,141.460349,40.326678
岩手県,野田村,野田村役場,141.817674,40.110272
岩手県,九戸村,九戸村役場,141.418982,40.211356
岩手県,大槌町,大槌町役場,141.899731,39.358196
岩手県,山田町,山田町役場,141.948923,39.467619
岩手県,岩泉町,岩泉町役場,141.796675,39.843204
岩手県,田野畑村,田野畑村役場,141.888864,39.930454
宮城県,柴田町,柴田町役場,140.765798,38.056599
宮城県,川崎町,川崎町役場,140.643188,38.177751
宮城県,丸森町,丸森町役場,140.765365,37.911536
宮城県,亘理町,亘理町役場,140.852564,38.037765
宮城県,蔵王町,蔵王町役場,140.65868,38.098128
宮城県,七ヶ宿町,七ケ宿町役場,140.441615,37.993063
宮城県,大河原町,大河原町役場,140.730774,38.049412
宮城県,村田町,村田町役場,140.722404,38.118589
宮城県,栗原市,栗原市役所,141.021508,38.730062
宮城県,東松島市,東松島市役所,141.210278,38.426134
宮城県,大崎市,大崎市役所,140.955565,38.577132
宮城県,富谷市,富谷町役場,140.895485,38.399918
宮城県,角田市,角田市役所,140.781543,37.977016
宮城県,多賀城市,多賀城市役所,141.004369,38.293803
宮城県,岩沼市,岩沼市役所,140.869949,38.104303
宮城県,登米市,登米市役所,141.18772,38.691856
宮城県,南三陸町,南三陸町役場,141.460867,38.679144
秋田県,秋田市,秋田市役所,140.102512,39.719929
秋田県,能代市,能代市役所,140.026641,40.212131
秋田県,横手市,横手市役所,140.566636,39.313777
宮城県,加美町,加美町役場,140.854759,38.57177
宮城県,涌谷町,涌谷町役場,141.128105,38.539704
宮城県,美里町,美里町役場,141.056717,38.5444
宮城県,女川町,女川町役場,141.444435,38.445533
宮城県,大和町,大和町役場,140.886309,38.43733
宮城県,大郷町,大郷町役場,141.00446,38.424244
宮城県,大衡村,大衡村役場,140.879982,38.467278
宮城県,色麻町,色麻町役場,140.849876,38.548921
宮城県,山元町,山元町役場,140.877529,37.962405
宮城県,松島町,松島町役場,141.067291,38.380149
宮城県,七ヶ浜町,七ヶ浜町役場,141.059143,38.304554
宮城県,利府町,利府町役場,140.975793,38.330355
秋田県,藤里町,藤里町役場,140.261879,40.278399
秋田県,三種町,三種町役場,140.004981,40.101615
秋田県,八峰町,八峰町役場,140.038618,40.318715
秋田県,五城目町,五城目町役場,140.111309,39.943895
秋田県,にかほ市,にかほ市役所,139.907649,39.203067
秋田県,仙北市,仙北市役所,140.730728,39.700044
秋田県,小坂町,小坂町役場,140.736191,40.332926
秋田県,上小阿仁村,上小阿仁村役場,140.295736,40.063263
秋田県,由利本荘市,由利本荘市役所,140.048819,39.385814
秋田県,潟上市,潟上市役所,139.988623,39.883243
秋田県,大仙市,大仙市役所,140.475448,39.45309
秋田県,北秋田市,北秋田市役所,140.370728,40.226046
秋田県,大館市,大館市役所,140.5643629,40.27137212
秋田県,男鹿市,男鹿市役所,139.8475,39.886721
秋田県,湯沢市,湯沢市役所,140.494683,39.164074
秋田県,鹿角市,鹿角市役所,140.788519,40.215789
茨城県,守谷市,守谷市役所,139.9754653,35.95132697
茨城県,常陸大宮市,常陸大宮市役所,140.411012,36.542592
茨城県,那珂市,那珂市役所,140.486726,36.457424
茨城県,筑西市,筑西市役所,139.983069,36.307115
茨城県,つくば市,つくば市役所,140.0764732,36.08356016
茨城県,ひたちなか市,ひたちなか市役所,140.534676,36.396615
茨城県,鹿嶋市,鹿嶋市役所,140.6448524,35.9657207
茨城県,潮来市,潮来市役所,140.555364,35.947134
茨城県,笠間市,笠間市役所,140.304232,36.345128
茨城県,取手市,取手市役所,140.050305,35.911474
茨城県,牛久市,牛久市役所,140.149532,35.979397
茨城県,つくば市,双葉町役場つくば連絡,140.144621,36.06635
茨城県,常総市,常総市役所,139.993934,36.023563
茨城県,常陸太田市,常陸太田市役所,140.530929,36.538227
茨城県,高萩市,高萩市役所,140.7168304,36.71871991
茨城県,北茨城市,北茨城市役所,140.751032,36.801892
茨城県,東海村,東海村役場,140.566301,36.472882
茨城県,大子町,大子町役場,140.355275,36.768099
茨城県,美浦村,美浦村役場,140.301906,36.004554
茨城県,阿見町,阿見町役場,140.214769,36.03087
茨城県,小美玉市,小美玉市役所,140.352589,36.239283
茨城県,茨城町,茨城町役場,140.424517,36.286921
茨城県,大洗町,大洗町役場,140.574888,36.313356
茨城県,城里町,城里町役場,140.376241,36.479297
茨城県,神栖市,神栖市役所,140.664527,35.889972
茨城県,行方市,行方市役所,140.4890999,35.99016591
茨城県,鉾田市,鉾田市役所,140.516437,36.158687
茨城県,つくばみらい市,つくばみらい市役所,140.037069,35.962911
茨城県,坂東市,坂東市役所,139.88868,36.048363
茨城県,稲敷市,稲敷市役所,140.323988,35.956569
茨城県,かすみがうら市,かすみがうら市役所,140.237006,36.151812
茨城県,桜川市,桜川市役所,140.090478,36.327273
栃木県,真岡市,真岡市役所,140.013428,36.440427
栃木県,大田原市,大田原市役所,140.015458,36.871076
栃木県,矢板市,矢板市役所,139.924226,36.806732
栃木県,那須塩原市,那須塩原市役所,140.046044,36.96169
栃木県,佐野市,佐野市役所,139.593134,36.308603
栃木県,鹿沼市,鹿沼市役所,139.745098,36.56712
栃木県,日光市,日光市役所,139.698204,36.719861
栃木県,小山市,小山市役所,139.800132,36.314477
茨城県,利根町,利根町役場,140.139106,35.857825
栃木県,宇都宮市,宇都宮市役所,139.882807,36.555115
栃木県,足利市,足利市役所,139.449696,36.340146
栃木県,栃木市,栃木市役所,139.7341111,36.38241388
茨城県,河内町,河内町役場,140.244516,35.884743
茨城県,八千代町,八千代町役場,139.891145,36.181632
茨城県,五霞町,五霞町役場,139.745832,36.114116
茨城県,境町,境町役場,139.795054,36.108529
栃木県,那須町,那須町役場,140.121008,37.01977
栃木県,那珂川町,那珂川町役場,140.171398,36.738145
群馬県,前橋市,前橋市役所,139.063493,36.389413
群馬県,高崎市,高崎市役所,139.003355,36.32195
栃木県,壬生町,壬生町役場,139.803935,36.427058
栃木県,野木町,野木町役場,139.740818,36.233263
栃木県,塩谷町,塩谷町役場,139.850578,36.777605
栃木県,高根沢町,高根沢町役場,139.986672,36.630976
栃木県,益子町,益子町役場,140.093381,36.467353
栃木県,茂木町,茂木町役場,140.187535,36.532184
栃木県,市貝町,市貝町役場,140.102113,36.543242
栃木県,芳賀町,芳賀町役場,140.058199,36.548212
栃木県,さくら市,さくら市役所,139.966474,36.685295
栃木県,那須烏山市,那須烏山市役所,140.151376,36.656891
栃木県,下野市,下野市役所,139.841942,36.387167
栃木県,上三川町,上三川町役場,139.910214,36.439268
福島県,天栄村,天栄村役場,140.247165,37.255576
福島県,下郷町,下郷町役場,139.872084,37.255571
福島県,檜枝岐村,檜枝岐村役場,139.388941,37.024141
福島県,只見町,只見町役場,139.315789,37.348657
福島県,川俣町,川俣町役場,140.598244,37.664989
福島県,大玉村,大玉村役場,140.371058,37.534362
福島県,大玉村,富岡町役場大玉出張所,140.370886,37.533939
福島県,鏡石町,鏡石町役場,140.343405,37.252858
福島県,本宮市,浪江町役場本宮出張所,140.454014,37.507483
福島県,桑折町,桑折町役場,140.516424,37.849373
福島県,桑折町,浪江町役場桑折出張所,140.516372,37.849528
福島県,国見町,国見町役場,140.542346,37.877097
福島県,南相馬市,双葉町役場南相馬市連,140.975804,37.632237
福島県,南相馬市,浪江町役場南相馬出張,140.975804,37.632237
福島県,伊達市,伊達市役所,140.562894,37.819095
福島県,本宮市,本宮市役所,140.393877,37.513162
福島県,西郷村,西郷村役場,140.155299,37.141767
福島県,泉崎村,泉崎村役場,140.295257,37.157052
福島県,中島村,中島村役場,140.35023,37.148756
福島県,矢吹町,矢吹町役場,140.338493,37.201221
福島県,三島町,三島町役場,139.644441,37.470292
福島県,金山町,金山町役場,139.524524,37.453735
福島県,昭和村,昭和村役場,139.610666,37.335446
福島県,会津美里町,会津美里町役場,139.841143,37.459835
福島県,猪苗代町,猪苗代町役場,140.104794,37.557799
福島県,会津坂下町,会津坂下町役場,139.821732,37.561457
福島県,湯川村,湯川村役場,139.886738,37.565657
福島県,柳津町,柳津町役場,139.719552,37.526035
福島県,南会津町,南会津町役場,139.773215,37.200389
福島県,北塩原村,北塩原村役場,139.937383,37.655673
福島県,西会津町,西会津町役場,139.647522,37.588823
福島県,磐梯町,磐梯町役場,139.988766,37.562099
福島県,小野町,小野町役場,140.62628,37.286823
福島県,広野町,広野町役場,140.994561,37.214403
福島県,楢葉町,楢葉町役場（移転中）,140.993465,37.282605
福島県,楢葉町,富岡町役場楢葉分室（,140.979452,37.273358
福島県,古殿町,古殿町役場,140.555692,37.089182
福島県,三春町,三春町役場,140.492575,37.441047
福島県,三春町,富岡町役場三春出張所,140.491256,37.432432
福島県,三春町,葛尾村役場三春出張所,140.485159,37.420189
福島県,石川町,石川町役場,140.452117,37.144301
福島県,玉川村,玉川村役場,140.408939,37.210718
福島県,平田村,平田村役場,140.570258,37.217885
福島県,浅川町,浅川町役場,140.412852,37.080947
福島県,棚倉町,棚倉町役場,140.379591,37.029867
福島県,矢祭町,矢祭町役場,140.424755,36.871334
福島県,塙町,塙町役場,140.409647,36.957238
福島県,鮫川村,鮫川村役場,140.509699,37.042229
茨城県,石岡市,石岡市役所,140.287242,36.19084
茨城県,結城市,結城市役所,139.877154,36.305264
茨城県,龍ケ崎市,龍ケ崎市役所,140.182265,35.911594
茨城県,下妻市,下妻市役所,139.967374,36.184516
茨城県,水戸市,水戸市役所,140.471222,36.365861
茨城県,日立市,日立市役所,140.651546,36.599016
茨城県,土浦市,土浦市役所,140.196057,36.07187
茨城県,古河市,古河市役所,139.755371,36.178228
福島県,浪江町,浪江町役場（移転中）,141.0007459,37.49459414
福島県,葛尾村,葛尾村役場（移転中）,140.764518,37.503547
福島県,新地町,新地町役場,140.919591,37.876379
福島県,飯舘村,飯舘村役場（移転中）,140.735091,37.678947
福島県,富岡町,富岡町役場（移転中）,141.008652,37.345496
福島県,川内村,川内村役場,140.809266,37.33768
福島県,大熊町,大熊町役場（移転中）,140.9834,37.404434
福島県,双葉町,双葉町役場（移転中）,141.012273,37.449126
北海道,中標津町,中標津町役場,144.971504,43.555191
北海道,標津町,標津町役場,145.131325,43.661309
北海道,羅臼町,羅臼町役場,145.189532,44.021953
北海道,別海町,別海町役場,145.117341,43.39399
北海道,赤井川村,赤井川村役場,140.81364,43.083479
北海道,余市町,余市町役場,140.783542,43.195343
北海道,根室市,根室市役所,145.582903,43.330036
北海道,根室振興局,根室振興局,145.584509,43.330415
北海道,寿都町,寿都町役場,140.228891,42.790984
北海道,積丹町,積丹町役場,140.598001,43.29871
北海道,島牧村,島牧村役場,140.061454,42.700471
北海道,仁木町,仁木町役場,140.766168,43.151675
北海道,神恵内村,神恵内村役場,140.430817,43.143791
北海道,泊村,泊村役場,140.498857,43.063212
北海道,古平町,古平町役場,140.639078,43.265353
北海道,黒松内町,黒松内町役場,140.307739,42.667788
北海道,十勝総合振興局,十勝総合振興局,143.208326,42.929801
北海道,芽室町,芽室町役場,143.050807,42.91189
北海道,更別村,更別村役場,143.187794,42.650415
北海道,中札内村,中札内村役場,143.132443,42.697611
北海道,利尻町,利尻町役場,141.139597,45.187041
北海道,利尻富士町,利尻富士町役場,141.214719,45.247459
北海道,礼文町,礼文町役場,141.047717,45.303062
北海道,帯広市,帯広市役所,143.196195,42.924014
北海道,浜頓別町,浜頓別町役場,142.35964,45.123716
北海道,猿払村,猿払村役場,142.108945,45.33061
北海道,豊富町,豊富町役場,141.777508,45.102847
北海道,幌延町,幌延町役場,141.849386,45.017635
北海道,稚内市,稚内市役所,141.673082,45.415675
北海道,宗谷総合振興局,宗谷総合振興局,141.700894,45.397555
北海道,枝幸町,枝幸町役場,142.581405,44.9387
北海道,中頓別町,中頓別町役場,142.286705,44.96971
北海道,豊頃町,豊頃町役場,143.5059,42.801023
北海道,本別町,本別町役場,143.610962,43.124615
北海道,幕別町,幕別町役場,143.356085,42.908198
北海道,旭川市,旭川市役所,142.364798,43.770799
北海道,清水町,清水町役場,142.884568,43.011423
北海道,足寄町,足寄町役場,143.55393,43.244786
北海道,陸別町,陸別町役場,143.747305,43.468914
北海道,池田町,池田町役場,143.448472,42.92898
北海道,広尾町,広尾町役場,143.311498,42.285841
北海道,大樹町,大樹町役場,143.27891,42.497525
北海道,浦幌町,浦幌町役場,143.658581,42.808947
北海道,新得町,新得町役場,142.838822,43.079741
北海道,音更町,音更町役場,143.197869,42.994115
北海道,士幌町,士幌町役場,143.241344,43.168047
北海道,鹿追町,鹿追町役場,142.989028,43.098876
北海道,上士幌町,上士幌町役場,143.296243,43.232615
北海道,鷹栖町,鷹栖町役場,142.354382,43.843321
北海道,東神楽町,東神楽町役場,142.451571,43.696303
北海道,東川町,東川町役場,142.510128,43.698877
北海道,当麻町,当麻町役場,142.508388,43.828201
北海道,愛別町,愛別町役場,142.577822,43.906679
北海道,下川町,下川町役場,142.635219,44.302576
北海道,剣淵町,剣淵町役場,142.361007,44.095746
北海道,上川町,上川町役場,142.770459,43.847128
北海道,幌加内町,幌加内町役場,142.153828,44.009812
北海道,上富良野町,上富良野町役場,142.467112,43.455614
北海道,中富良野町,中富良野町役場,142.425034,43.405576
北海道,南富良野町,南富良野町役場,142.568522,43.164088
北海道,上川総合振興局,上川総合振興局,142.439509,43.807706
北海道,士別市,士別市役所,142.400182,44.178626
北海道,富良野市,富良野市役所,142.383104,43.342024
北海道,名寄市,名寄市役所,142.463134,44.355924
北海道,美幌町,美幌町役場,144.107151,43.823721
北海道,遠軽町,遠軽町役場,143.527726,44.061947
北海道,興部町,興部町役場,143.123699,44.469874
北海道,西興部村,西興部村役場,142.944445,44.328833
北海道,佐呂間町,佐呂間町役場,143.774714,44.017859
北海道,置戸町,置戸町役場,143.586402,43.676328
北海道,大空町,大空町役場,144.172473,43.911858
北海道,津別町,津別町役場,144.024803,43.706316
北海道,斜里町,斜里町役場,144.670713,43.911441
北海道,小清水町,小清水町役場,144.462114,43.856679
北海道,清里町,清里町役場,144.594582,43.835224
北海道,訓子府町,訓子府町役場,143.741665,43.725328
北海道,北見市,北見市役所,143.894384,43.807823
北海道,網走市,網走市役所,144.273422,44.020631
北海道,オホーツク総合振興局,オホーツク総合振興局,144.260963,44.026431
北海道,紋別市,紋別市役所,143.354279,44.356332
北海道,美唄市,美唄市役所,141.853986,43.332951
北海道,夕張市,夕張市役所,141.974069,43.056814
北海道,雨竜町,雨竜町役場,141.889036,43.643943
北海道,沼田町,沼田町役場,141.933817,43.80674
北海道,三笠市,三笠市役所,141.875342,43.245622
北海道,深川市,深川市役所,142.053528,43.723184
北海道,赤平市,赤平市役所,142.044223,43.558039
北海道,滝川市,滝川市役所,141.910371,43.557753
北海道,歌志内市,歌志内市役所,142.035353,43.521682
北海道,岩見沢市,岩見沢市役所,141.775857,43.196169
北海道,空知総合振興局,空知総合振興局,141.766269,43.197443
北海道,砂川市,砂川市役所,141.903465,43.494846
北海道,滝上町,滝上町役場,143.07765,44.19227
北海道,湧別町,湧別町役場,143.572919,44.151465
北海道,雄武町,雄武町役場,142.961863,44.582482
北海道,芦別市,芦別市役所,142.189552,43.51821
北海道,釧路市,釧路市役所,144.38167,42.984856
北海道,釧路総合振興局,釧路総合振興局,144.385021,42.976697
北海道,鶴居村,鶴居村役場,144.321165,43.23016
北海道,釧路町,釧路町役場,144.466081,42.996124
北海道,南幌町,南幌町役場,141.65033,43.063739
北海道,栗山町,栗山町役場,141.784099,43.05629
北海道,長沼町,長沼町役場,141.695367,43.01034
北海道,由仁町,由仁町役場,141.790309,42.999598
北海道,月形町,月形町役場,141.669604,43.338397
北海道,新十津川町,新十津川町役場,141.877009,43.5485
北海道,上砂川町,上砂川町役場,141.984064,43.482538
北海道,奈井江町,奈井江町役場,141.882816,43.425353
北海道,秩父別町,秩父別町役場,141.957896,43.767
北海道,北竜町,北竜町役場,141.879409,43.731426
北海道,妹背牛町,妹背牛町役場,141.961606,43.700093
北海道,浦臼町,浦臼町役場,141.818727,43.430363
北海道,留寿都村,留寿都村役場,140.875574,42.737263
北海道,蘭越町,蘭越町役場,140.528346,42.809205
北海道,岩内町,岩内町役場,140.509212,42.978778
北海道,共和町,共和町役場,140.611175,42.980407
北海道,京極町,京極町役場,140.883999,42.858216
北海道,倶知安町,倶知安町役場,140.758878,42.901752
北海道,後志総合振興局,後志総合振興局,140.756426,42.902249
北海道,真狩村,真狩村役場,140.803669,42.762955
北海道,白糠町,白糠町役場,144.071805,42.956161
北海道,小樽市,小樽市役所,140.9946054,43.19075267
北海道,ニセコ町,ニセコ町役場,140.68754,42.804788
北海道,喜茂別町,喜茂別町役場,140.934532,42.795439
北海道,厚岸町,厚岸町役場,144.847443,43.051951
北海道,浜中町,浜中町役場,145.129391,43.077087
北海道,弟子屈町,弟子屈町役場,144.459223,43.485352
北海道,標茶町,標茶町役場,144.600665,43.303337
青森県,今別町,今別町役場,140.48161,41.181875
青森県,蓬田村,蓬田村役場,140.656053,40.971779
青森県,外ヶ浜町,外ヶ浜町役場,140.632243,41.043159
青森県,鰺ヶ沢町,鰺ヶ沢町役場,140.208569,40.779875
青森県,むつ市,むつ市役所,141.183174,41.292835
青森県,つがる市,つがる市役所,140.380195,40.808836
青森県,平川市,平川市役所,140.566506,40.584114
青森県,平内町,平内町役場,140.955884,40.926023
青森県,黒石市,黒石市役所,140.594547,40.642608
青森県,五所川原市,五所川原市役所,140.440007,40.808101
青森県,十和田市,十和田市役所,141.20591,40.612703
青森県,三沢市,三沢市役所,141.369093,40.683078
北海道,上ノ国町,上ノ国町役場,140.121398,41.801042
青森県,青森市,青森市役所,140.74732,40.822358
青森県,弘前市,弘前市役所,140.464008,40.602965
青森県,八戸市,八戸市役所,141.488404,40.512278
青森県,東北町,東北町役場,141.257888,40.727871
青森県,六ヶ所村,六ヶ所村役場,141.374434,40.967375
青森県,おいらせ町,おいらせ町役場,141.397822,40.599104
青森県,大間町,大間町役場,140.907438,41.526765
青森県,野辺地町,野辺地町役場,141.128685,40.864447
青森県,七戸町,七戸町役場,141.157991,40.744714
青森県,六戸町,六戸町役場,141.324958,40.609526
青森県,横浜町,横浜町役場,141.247782,41.083155
青森県,田舎館村,田舎館村役場,140.550198,40.631259
青森県,板柳町,板柳町役場,140.457414,40.695896
青森県,鶴田町,鶴田町役場,140.428702,40.758819
青森県,中泊町,中泊町役場,140.439831,40.965181
青森県,深浦町,深浦町役場,139.927431,40.647876
青森県,西目屋村,西目屋村役場,140.296285,40.57684
青森県,藤崎町,藤崎町役場,140.502824,40.656064
青森県,大鰐町,大鰐町役場,140.567878,40.518356
岩手県,花巻市,花巻市役所,141.116854,39.388609
岩手県,北上市,北上市役所,141.113157,39.286817
岩手県,久慈市,久慈市役所,141.775644,40.190466
岩手県,遠野市,遠野市役所,141.533538,39.327657
青森県,新郷村,新郷村役場,141.1734,40.465784
岩手県,盛岡市,盛岡市役所,141.154183,39.701795
岩手県,宮古市,宮古市役所,141.957095,39.641456
岩手県,大船渡市,大船渡市役所,141.708547,39.081901
青森県,五戸町,五戸町役場,141.307813,40.531208
青森県,田子町,田子町役場,141.15215,40.34003
青森県,南部町,南部町役場,141.381912,40.4668
青森県,階上町,階上町役場,141.621001,40.452454
青森県,東通村,東通村役場,141.3289,41.277726
青森県,風間浦村,風間浦村役場,140.995534,41.487487
青森県,佐井村,佐井村役場,140.859175,41.429718
青森県,三戸町,三戸町役場,141.25874,40.378423
岩手県,西和賀町,西和賀町役場,140.778754,39.317906
岩手県,金ケ崎町,金ケ崎町役場,141.116408,39.195687
岩手県,平泉町,平泉町役場,141.11398,38.986781
岩手県,住田町,住田町役場,141.576053,39.141905
岩手県,葛巻町,葛巻町役場,141.436719,40.03984
岩手県,岩手町,岩手町役場,141.212166,39.972768
岩手県,紫波町,紫波町役場,141.167821,39.554854
岩手県,矢巾町,矢巾町役場,141.143001,39.606006
岩手県,八幡平市,八幡平市役所,141.07112,39.956511
岩手県,奥州市,奥州市役所,141.139116,39.144506
岩手県,滝沢市,滝沢市役所,141.077065,39.734739
岩手県,雫石町,雫石町役場,140.975779,39.696319
岩手県,一関市,一関市役所,141.126759,38.934754
岩手県,陸前高田市,陸前高田市役所,141.625418,39.027942
岩手県,釜石市,釜石市役所,141.885716,39.27581
岩手県,二戸市,二戸市役所,141.304805,40.271193
北海道,札幌市,札幌市役所,141.354374,43.061972
北海道,石狩振興局,石狩振興局,141.345785,43.064722
北海道,新篠津村,新篠津村役場,141.649247,43.225368
北海道,当別町,当別町役場,141.5170027,43.22363701
北海道,江別市,江別市役所,141.536103,43.103666
北海道,石狩市,石狩市役所,141.315514,43.171365
北海道,千歳市,千歳市役所,141.651139,42.821124
北海道,北広島市,北広島市役所,141.563625,42.985663
北海道,中川町,中川町役場,142.071409,44.811488
北海道,美深町,美深町役場,142.342963,44.480994
北海道,占冠村,占冠村役場,142.398526,42.979836
北海道,恵庭市,恵庭市役所,141.577799,42.882592
北海道,比布町,比布町役場,142.477699,43.875021
北海道,美瑛町,美瑛町役場,142.467055,43.588279
北海道,和寒町,和寒町役場,142.413383,44.023119
北海道,音威子府村,音威子府村役場,142.262458,44.725096
北海道,函館市,函館市役所,140.729108,41.768712
北海道,渡島総合振興局,渡島総合振興局,140.753345,41.819841
北海道,北斗市,北斗市役所,140.653067,41.824174
北海道,鹿部町,鹿部町役場,140.815907,42.038567
北海道,むかわ町,むかわ町役場,141.926761,42.574741
北海道,安平町,安平町役場,141.818047,42.762798
北海道,厚真町,厚真町役場,141.877841,42.723566
北海道,壮瞥町,壮瞥町役場,140.885472,42.552556
北海道,苫小牧市,苫小牧市役所,141.605503,42.634094
北海道,洞爺湖町,洞爺湖町役場,140.764128,42.551223
北海道,豊浦町,豊浦町役場,140.711815,42.583464
北海道,白老町,白老町役場,141.355861,42.551259
北海道,伊達市,伊達市役所,140.864702,42.471898
北海道,室蘭市,室蘭市役所,140.973784,42.315204
北海道,胆振総合振興局,胆振総合振興局,140.972194,42.320522
北海道,登別市,登別市役所,141.106556,42.412735
北海道,新冠町,新冠町役場,142.318315,42.362417
北海道,新ひだか町,新ひだか町役場,142.368588,42.341276
北海道,えりも町,えりも町役場,143.148348,42.016298
北海道,様似町,様似町役場,142.933797,42.127737
北海道,浦河町,浦河町役場,142.768213,42.168355
北海道,日高振興局,日高振興局,142.768136,42.17259
北海道,日高町,日高町役場,142.074359,42.480318
北海道,平取町,平取町役場,142.128525,42.585098
北海道,福島町,福島町役場,140.251315,41.483783
北海道,知内町,知内町役場,140.418861,41.598377
北海道,木古内町,木古内町役場,140.437635,41.678332
北海道,八雲町,八雲町役場,140.265224,42.255918
北海道,森町,森町役場,140.576446,42.104992
北海道,七飯町,七飯町役場,140.694405,41.895711
北海道,長万部町,長万部町役場,140.380344,42.513488
北海道,松前町,松前町役場,140.110403,41.429981
北海道,今金町,今金町役場,140.008766,42.429373
北海道,厚沢部町,厚沢部町役場,140.225475,41.920895
北海道,江差町,江差町役場,140.12756,41.869244
北海道,檜山振興局,檜山振興局,140.128199,41.859512
北海道,小平町,小平町役場,141.662828,44.015141
北海道,奥尻町,奥尻町役場,139.514121,42.17226
北海道,せたな町,せたな町役場,139.882999,42.417145
北海道,乙部町,乙部町役場,140.13546,41.968504
北海道,天塩町,天塩町役場,141.745324,44.888121
北海道,羽幌町,羽幌町役場,141.697249,44.36061
北海道,初山別村,初山別村役場,141.766342,44.532149
北海道,苫前町,苫前町役場,141.652932,44.306086
北海道,留萌市,留萌市役所,141.637009,43.940987
北海道,留萌振興局,留萌振興局,141.655905,43.934749
北海道,増毛町,増毛町役場,141.524978,43.856063
北海道,遠別町,遠別町役場,141.792322,44.722462
熊本県,御船町,御船町役場,130.801821,32.714585
熊本県,嘉島町,嘉島町役場,130.7573034,32.74007245
熊本県,益城町,益城町役場,130.816418,32.791397
熊本県,甲佐町,甲佐町役場,130.811466,32.651356
熊本県,産山村,産山村役場,131.216799,32.995747
熊本県,高森町,高森町役場,131.122023,32.827271
熊本県,西原村,西原村役場,130.903036,32.834719
熊本県,南阿蘇村,南阿蘇村役場,131.031444,32.821978
熊本県,大津町,大津町役場,130.868284,32.87899
熊本県,菊陽町,菊陽町役場,130.828654,32.862515
熊本県,南小国町,南小国町役場,131.070724,33.098192
熊本県,小国町,小国町役場,131.068157,33.121568
熊本県,玉東町,玉東町役場,130.628593,32.918905
熊本県,南関町,南関町役場,130.541126,33.061599
熊本県,長洲町,長洲町役場,130.4527,32.929756
熊本県,和水町,和水町役場,130.605813,32.978158
熊本県,あさぎり町,あさぎり町役場,130.897827,32.240321
熊本県,苓北町,苓北町役場,130.05472,32.513413
大分県,大分市,大分市役所,131.609377,33.239526
大分県,別府市,別府市役所,131.491328,33.284642
熊本県,相良村,相良村役場,130.797985,32.23526
熊本県,五木村,五木村役場,130.827833,32.397343
熊本県,山江村,山江村役場,130.767136,32.246465
熊本県,球磨村,球磨村役場,130.651274,32.252621
熊本県,錦町,錦町役場,130.840902,32.200987
熊本県,多良木町,多良木町役場,130.935795,32.264039
熊本県,湯前町,湯前町役場,130.980987,32.276144
熊本県,水上村,水上村役場,131.009541,32.314379
熊本県,山都町,山都町役場,130.985998,32.685795
熊本県,氷川町,氷川町役場,130.673753,32.582402
熊本県,芦北町,芦北町役場,130.493119,32.299102
熊本県,津奈木町,津奈木町役場,130.439621,32.233892
大分県,姫島村,姫島村役場,131.645143,33.724536
大分県,日出町,日出町役場,131.532536,33.369442
大分県,九重町,九重町役場,131.188797,33.228521
大分県,玖珠町,玖珠町役場,131.151553,33.283135
大分県,宇佐市,宇佐市役所,131.349545,33.531972
大分県,豊後大野市,豊後大野市役所,131.585011,32.978152
大分県,由布市,由布市役所,131.426792,33.179996
大分県,国東市,国東市役所,131.731676,33.565302
大分県,津久見市,津久見市役所,131.861219,33.072339
大分県,竹田市,竹田市役所,131.397838,32.973673
大分県,豊後高田市,豊後高田市役所,131.444697,33.557257
大分県,杵築市,杵築市役所,131.616089,33.417029
大分県,中津市,中津市役所,131.18824,33.598302
大分県,日田市,日田市役所,130.94131,33.321041
大分県,佐伯市,佐伯市役所,131.899499,32.960204
大分県,臼杵市,臼杵市役所,131.804638,33.125948
宮崎県,綾町,綾町役場,131.253182,31.999135
宮崎県,高鍋町,高鍋町役場,131.503341,32.12799
宮崎県,新富町,新富町役場,131.487984,32.068937
宮崎県,西米良村,西米良村役場,131.154452,32.226354
宮崎県,えびの市,えびの市役所,130.810841,32.045347
宮崎県,三股町,三股町役場,131.12492,31.730686
宮崎県,高原町,高原町役場,131.00787,31.928413
宮崎県,国富町,国富町役場,131.323535,31.990646
宮崎県,小林市,小林市役所,130.972674,31.996657
宮崎県,日向市,日向市役所,131.623962,32.422947
宮崎県,串間市,串間市役所,131.228306,31.464539
宮崎県,西都市,西都市役所,131.401266,32.108562
宮崎県,宮崎市,宮崎市役所,131.420244,31.907676
宮崎県,都城市,都城市役所,131.061497,31.719519
宮崎県,延岡市,延岡市役所,131.664859,32.582401
宮崎県,日南市,日南市役所,131.378731,31.601932
佐賀県,伊万里市,伊万里市役所,129.880702,33.264741
佐賀県,武雄市,武雄市役所,130.01915,33.193751
佐賀県,鹿島市,鹿島市役所,130.098603,33.103804
佐賀県,小城市,小城市役所,130.21728,33.273776
佐賀県,佐賀市,佐賀市役所,130.300835,33.263543
佐賀県,唐津市,唐津市役所,129.96797,33.450103
佐賀県,鳥栖市,鳥栖市役所,130.506244,33.377758
佐賀県,多久市,多久市役所,130.110061,33.288513
福岡県,吉富町,吉富町役場,131.175951,33.602643
福岡県,上毛町,上毛町役場,131.164207,33.578425
福岡県,築上町,築上町役場,131.05604,33.656146
福岡県,那珂川市,那珂川町役場,130.4222,33.499597
福岡県,赤村,赤村役場,130.870855,33.616692
福岡県,福智町,福智町役場,130.78012,33.683263
福岡県,苅田町,苅田町役場,130.980475,33.776006
福岡県,みやこ町,みやこ町役場,130.920096,33.699236
長崎県,対馬市,対馬市役所,129.287518,34.202643
長崎県,壱岐市,壱岐市役所,129.691377,33.749978
長崎県,雲仙市,雲仙市役所,130.187508,32.835214
長崎県,五島市,五島市役所,128.840815,32.695541
佐賀県,大町町,大町町役場,130.116032,33.213871
佐賀県,江北町,江北町役場,130.15731,33.220464
佐賀県,白石町,白石町役場,130.143493,33.181082
佐賀県,太良町,太良町役場,130.179126,33.019436
佐賀県,上峰町,上峰町役場,130.426137,33.319626
佐賀県,みやき町,みやき町役場,130.45459,33.324943
佐賀県,玄海町,玄海町役場,129.874689,33.472164
佐賀県,有田町,有田町役場,129.849014,33.210574
佐賀県,嬉野市,嬉野市役所,130.06012,33.128092
佐賀県,神埼市,神埼市役所,130.373057,33.310732
佐賀県,吉野ヶ里町,吉野ヶ里町役場,130.398753,33.321148
佐賀県,基山町,基山町役場,130.523052,33.426944
長崎県,東彼杵町,東彼杵町役場,129.917149,33.037031
長崎県,波佐見町,波佐見町役場,129.895548,33.13789
長崎県,新上五島町,新上五島町役場,129.073401,32.984553
長崎県,佐々町,佐々町役場,129.650353,33.238426
長崎県,諫早市,諫早市役所,130.053601,32.844208
長崎県,時津町,時津町役場,129.848527,32.828885
長崎県,長与町,長与町役場,129.875071,32.82517
長崎県,川棚町,川棚町役場,129.861562,33.072679
長崎県,長崎市,長崎市役所,129.877906,32.750311
長崎県,島原市,島原市役所,130.370526,32.78812
長崎県,南島原市,南島原市役所,130.297783,32.659716
長崎県,平戸市,平戸市役所,129.553671,33.368065
長崎県,佐世保市,佐世保市役所,129.7150901,33.17990418
長崎県,松浦市,松浦市役所,129.709047,33.341023
長崎県,西海市,西海市役所,129.642962,32.933117
長崎県,大村市,大村市役所,129.958217,32.89996
熊本県,阿蘇市,阿蘇市役所,131.121031,32.951869
熊本県,天草市,天草市役所,130.19301,32.458621
熊本県,合志市,合志市役所,130.789726,32.885996
熊本県,美里町,美里町役場,130.789007,32.639609
熊本県,菊池市,菊池市役所,130.813241,32.979485
熊本県,宇土市,宇土市役所,130.658562,32.687292
熊本県,上天草市,上天草市役所,130.430405,32.587422
熊本県,宇城市,宇城市役所,130.684287,32.647814
熊本県,荒尾市,荒尾市役所,130.433036,32.986838
熊本県,水俣市,水俣市役所,130.408725,32.211883
熊本県,玉名市,玉名市役所,130.559619,32.928141
熊本県,山鹿市,山鹿市役所,130.691297,33.016728
長崎県,小値賀町,小値賀町役場,129.058766,33.191074
熊本県,熊本市,熊本市役所,130.707897,32.803078
熊本県,八代市,八代市役所,130.601888,32.507412
熊本県,人吉市,人吉市役所,130.762554,32.210038
沖縄県,北谷町,北谷町役場,127.763901,26.320069
沖縄県,北中城村,北中城村役場,127.793027,26.301079
沖縄県,中城村,中城村役場,127.791146,26.267379
沖縄県,西原町,西原町役場,127.758819,26.222856
沖縄県,金武町,金武町役場,127.926011,26.456137
沖縄県,伊江村,伊江村役場,127.807014,26.71349
沖縄県,読谷村,読谷村役場,127.744424,26.396154
沖縄県,嘉手納町,嘉手納町役場,127.75538,26.361723
沖縄県,今帰仁村,今帰仁村役場,127.972739,26.682527
沖縄県,本部町,本部町役場,127.898175,26.658035
沖縄県,恩納村,恩納村役場,127.85357,26.497502
沖縄県,宜野座村,宜野座村役場,127.975615,26.481585
沖縄県,南城市,南城市役所,127.766922,26.144402
沖縄県,国頭村,国頭村役場,128.177907,26.745638
沖縄県,大宜味村,大宜味村役場,128.120159,26.701712
沖縄県,東村,東村役場,128.15687,26.633284
沖縄県,多良間村,多良間村役場,124.701693,24.669449
沖縄県,与那国町,与那国町役場,123.004496,24.468034
沖縄県,伊平屋村,伊平屋村役場,127.96862,27.039169
沖縄県,伊是名村,伊是名村役場,127.941226,26.928305
沖縄県,久米島町,久米島町役場,126.805021,26.340669
沖縄県,八重瀬町,八重瀬町役場,127.742675,26.121875
沖縄県,粟国村,粟国村役場,127.226965,26.582431
沖縄県,渡名喜村,渡名喜村役場,127.141122,26.37211
沖縄県,南大東村,南大東村役場,131.231872,25.828903
沖縄県,北大東村,北大東村役場,131.298917,25.945712
沖縄県,与那原町,与那原町役場,127.754794,26.199502
沖縄県,南風原町,南風原町役場,127.728554,26.191122
沖縄県,渡嘉敷村,渡嘉敷村役場,127.364289,26.197331
沖縄県,座間味村,座間味村役場,127.303205,26.228949
鹿児島県,鹿児島市,十島村役場,130.560588,31.593157
鹿児島県,鹿屋市,鹿屋市役所,130.852223,31.378268
鹿児島県,枕崎市,枕崎市役所,130.296991,31.272922
鹿児島県,阿久根市,阿久根市役所,130.192622,32.014364
宮崎県,日之影町,日之影町役場,131.388112,32.653825
宮崎県,五ヶ瀬町,五ヶ瀬町役場,131.196247,32.682915
鹿児島県,鹿児島市,鹿児島市役所,130.557339,31.596789
鹿児島県,鹿児島市,三島村役場,130.560735,31.594533
宮崎県,諸塚村,諸塚村役場,131.330319,32.512184
宮崎県,椎葉村,椎葉村役場,131.157554,32.466712
宮崎県,美郷町,美郷町役場,131.423106,32.440256
宮崎県,高千穂町,高千穂町役場,131.307871,32.711651
宮崎県,木城町,木城町役場,131.473354,32.163784
宮崎県,川南町,川南町役場,131.525816,32.192009
宮崎県,都農町,都農町役場,131.55969,32.256434
宮崎県,門川町,門川町役場,131.648722,32.46979
鹿児島県,南九州市,南九州市役所,130.441623,31.378251
鹿児島県,伊佐市,伊佐市役所,130.612934,32.057152
鹿児島県,姶良市,姶良市役所,130.627758,31.728213
鹿児島県,さつま町,さつま町役場,130.45534,31.906331
鹿児島県,いちき串木野市,いちき串木野市役所,130.271934,31.714542
鹿児島県,南さつま市,南さつま市役所,130.323494,31.41657
鹿児島県,志布志市,志布志市役所,131.045349,31.495447
鹿児島県,奄美市,奄美市役所,129.49378,28.377273
鹿児島県,薩摩川内市,薩摩川内市役所,130.30395,31.813486
鹿児島県,日置市,日置市役所,130.402436,31.633709
鹿児島県,曽於市,曽於市役所,131.019255,31.653622
鹿児島県,霧島市,霧島市役所,130.763136,31.741015
鹿児島県,出水市,出水市役所,130.352647,32.090458
鹿児島県,指宿市,指宿市役所,130.633118,31.252805
鹿児島県,西之表市,西之表市役所,130.997035,30.732453
鹿児島県,垂水市,垂水市役所,130.70093,31.492758
鹿児島県,瀬戸内町,瀬戸内町役場,129.314734,28.146484
鹿児島県,龍郷町,龍郷町役場,129.589355,28.4133
鹿児島県,喜界町,喜界町役場,129.940035,28.316838
鹿児島県,徳之島町,徳之島町役場,129.018504,27.726621
鹿児島県,南種子町,南種子町役場,130.900867,30.413916
鹿児島県,屋久島町,屋久島町役場,130.665043,30.371155
鹿児島県,大和村,大和村役場,129.395262,28.358076
鹿児島県,宇検村,宇検村役場,129.297208,28.280773
鹿児島県,錦江町,錦江町役場,130.787485,31.243572
鹿児島県,南大隅町,南大隅町役場,130.768061,31.217205
鹿児島県,肝付町,肝付町役場,130.945223,31.344362
鹿児島県,中種子町,中種子町役場,130.958847,30.532821
鹿児島県,長島町,長島町役場,130.176919,32.19932
鹿児島県,湧水町,湧水町役場,130.721025,31.951654
鹿児島県,大崎町,大崎町役場,131.005592,31.429102
鹿児島県,東串良町,東串良町役場,130.973339,31.38579
沖縄県,沖縄市,沖縄市役所,127.805694,26.334354
沖縄県,豊見城市,豊見城市役所,127.668883,26.161026
沖縄県,うるま市,うるま市役所,127.85748,26.379151
沖縄県,宮古島市,宮古島市役所,125.281162,24.80549
沖縄県,石垣市,竹富町役場,124.154437,24.339763
沖縄県,浦添市,浦添市役所,127.721804,26.245816
沖縄県,名護市,名護市役所,127.977474,26.591555
沖縄県,糸満市,糸満市役所,127.665823,26.123542
鹿児島県,与論町,与論町役場,128.414835,27.04853
沖縄県,那覇市,那覇市役所,127.679218,26.212295
沖縄県,宜野湾市,宜野湾市役所,127.778637,26.281581
沖縄県,石垣市,石垣市役所,124.155539,24.340666
鹿児島県,天城町,天城町役場,128.897749,27.81166
鹿児島県,伊仙町,伊仙町役場,128.937584,27.673583
鹿児島県,和泊町,和泊町役場,128.655253,27.392559
鹿児島県,知名町,知名町役場,128.573732,27.333676
広島県,大竹市,大竹市役所,132.222361,34.237952
広島県,東広島市,東広島市役所,132.743746,34.426787
広島県,廿日市市,廿日市市役所,132.331541,34.348416
広島県,安芸高田市,安芸高田市役所,132.703977,34.666099
広島県,福山市,福山市役所,133.36234,34.485927
広島県,府中市,府中市役所,133.236323,34.568349
広島県,三次市,三次市役所,132.85179,34.805627
広島県,庄原市,庄原市役所,133.017264,34.857743
広島県,呉市,呉市役所,132.565805,34.249254
広島県,竹原市,竹原市役所,132.907091,34.341794
広島県,三原市,三原市役所,133.078525,34.39747
広島県,尾道市,尾道市役所,133.204966,34.408891
岡山県,久米南町,久米南町役場,133.960647,34.929179
岡山県,美咲町,美咲町役場,133.958149,34.997967
岡山県,吉備中央町,吉備中央町役場,133.6935,34.863404
広島県,広島市,広島市役所,132.455337,34.385253
山口県,山口市,山口市役所,131.473511,34.178178
山口県,萩市,萩市役所,131.399104,34.408107
山口県,防府市,防府市役所,131.562627,34.051756
山口県,下松市,下松市役所,131.870317,34.015038
広島県,世羅町,世羅町役場,133.056631,34.586837
広島県,神石高原町,神石高原町役場,133.247642,34.703654
山口県,下関市,下関市役所,130.941459,33.957828
山口県,宇部市,宇部市役所,131.246761,33.951623
広島県,坂町,坂町役場,132.513639,34.341282
広島県,安芸太田町,安芸太田町役場,132.227141,34.576731
広島県,北広島町,北広島町役場,132.538427,34.674541
広島県,大崎上島町,大崎上島町役場,132.914963,34.269552
広島県,江田島市,江田島市役所,132.443794,34.222941
広島県,府中町,府中町役場,132.504544,34.392589
広島県,海田町,海田町役場,132.536155,34.372159
広島県,熊野町,熊野町役場,132.584604,34.335783
山口県,阿武町,阿武町役場,131.47136,34.503352
徳島県,徳島市,徳島市役所,134.554713,34.070234
徳島県,鳴門市,鳴門市役所,134.6088,34.17259
徳島県,小松島市,小松島市役所,134.590603,34.004713
山口県,和木町,和木町役場,132.220405,34.202408
山口県,上関町,上関町役場,132.110772,33.831093
山口県,田布施町,田布施町役場,132.041366,33.954677
山口県,平生町,平生町役場,132.073057,33.937969
山口県,美祢市,美祢市役所,131.205703,34.16667
山口県,周南市,周南市役所,131.806293,34.055135
山口県,山陽小野田市,山陽小野田市役所,131.181786,34.003089
山口県,周防大島町,周防大島町役場,132.19532,33.927628
山口県,岩国市,岩国市役所,132.218942,34.1665
山口県,光市,光市役所,131.942296,33.961916
山口県,長門市,長門市役所,131.182198,34.370959
山口県,柳井市,柳井市役所,132.101597,33.963839
徳島県,美波町,美波町役場,134.535413,33.734573
徳島県,海陽町,海陽町役場,134.351866,33.602043
徳島県,松茂町,松茂町役場,134.580537,34.133849
徳島県,北島町,北島町役場,134.546985,34.125594
徳島県,石井町,石井町役場,134.440764,34.074698
徳島県,神山町,神山町役場,134.350531,33.967225
徳島県,那賀町,那賀町役場,134.496736,33.857497
徳島県,牟岐町,牟岐町役場,134.420661,33.668312
徳島県,三好市,三好市役所,133.80718,34.026044
徳島県,勝浦町,勝浦町役場,134.511251,33.931453
徳島県,上勝町,上勝町役場,134.401819,33.888841
徳島県,佐那河内村,佐那河内村役場,134.453294,33.993141
徳島県,阿南市,阿南市役所,134.659566,33.921762
徳島県,吉野川市,吉野川市役所,134.358667,34.066235
徳島県,阿波市,阿波市役所,134.235779,34.082354
徳島県,美馬市,美馬市役所,134.169725,34.053387
鳥取県,琴浦町,琴浦町役場,133.692779,35.495184
鳥取県,北栄町,北栄町役場,133.758294,35.490011
鳥取県,日吉津村,日吉津村役場,133.380808,35.440179
鳥取県,大山町,大山町役場,133.496123,35.510779
鳥取県,智頭町,智頭町役場,134.226587,35.265081
鳥取県,八頭町,八頭町役場,134.250526,35.409211
鳥取県,三朝町,三朝町役場,133.861742,35.408461
鳥取県,湯梨浜町,湯梨浜町役場,133.864681,35.489915
鳥取県,倉吉市,倉吉市役所,133.825561,35.430182
鳥取県,境港市,境港市役所,133.2316,35.539606
鳥取県,岩美町,岩美町役場,134.332087,35.575896
鳥取県,若桜町,若桜町役場,134.400992,35.340149
和歌山県,北山村,北山村役場,135.969303,33.9321
和歌山県,串本町,串本町役場,135.781434,33.472556
鳥取県,鳥取市,鳥取市役所,134.235091,35.501133
鳥取県,米子市,米子市役所,133.330939,35.428136
島根県,浜田市,浜田市役所,132.079883,34.899255
島根県,隠岐の島町,隠岐の島町役場,133.32178,36.20902
島根県,海士町,海士町役場,133.096701,36.096561
島根県,西ノ島町,西ノ島町役場,132.994378,36.093158
島根県,江津市,江津市役所,132.221206,35.011148
島根県,出雲市,出雲市役所,132.754712,35.366917
島根県,松江市,松江市役所,133.048527,35.468039
島根県,大田市,大田市役所,132.499351,35.19209
鳥取県,江府町,江府町役場,133.488578,35.283187
島根県,益田市,益田市役所,131.842862,34.674814
島根県,安来市,安来市役所,133.250851,35.431451
島根県,雲南市,雲南市役所,132.900475,35.287787
鳥取県,南部町,南部町役場,133.326829,35.34033
鳥取県,伯耆町,伯耆町役場,133.407384,35.38523
鳥取県,日南町,日南町役場,133.306255,35.163311
鳥取県,日野町,日野町役場,133.442659,35.240793
岡山県,笠岡市,笠岡市役所,133.507441,34.507182
岡山県,井原市,井原市役所,133.463798,34.597709
岡山県,総社市,総社市役所,133.746531,34.67281
岡山県,高梁市,高梁市役所,133.616678,34.791361
岡山県,岡山市,岡山市役所,133.919566,34.655107
岡山県,倉敷市,倉敷市役所,133.772281,34.584677
岡山県,津山市,津山市役所,134.004543,35.069118
岡山県,玉野市,玉野市役所,133.946012,34.491979
島根県,飯南町,飯南町役場,132.713872,35.00004
島根県,川本町,川本町役場,132.495388,34.994002
島根県,美郷町,美郷町役場,132.590543,35.076512
島根県,邑南町,邑南町役場,132.437976,34.893934
島根県,知夫村,知夫村役場,133.039372,36.013927
島根県,吉賀町,吉賀町役場,131.935137,34.35351
島根県,津和野町,津和野町役場,131.838311,34.543668
島根県,奥出雲町,奥出雲町役場,133.002549,35.197428
岡山県,鏡野町,鏡野町役場,133.93303,35.091772
岡山県,勝央町,勝央町役場,134.116172,35.04179
岡山県,奈義町,奈義町役場,134.177427,35.123024
岡山県,西粟倉村,西粟倉村役場,134.336275,35.171331
岡山県,早島町,早島町役場,133.828304,34.600822
岡山県,里庄町,里庄町役場,133.556886,34.51374
岡山県,矢掛町,矢掛町役場,133.587085,34.627596
岡山県,新庄村,新庄村役場,133.567638,35.179367
岡山県,真庭市,真庭市役所,133.752756,35.075591
岡山県,美作市,美作市役所,134.148578,35.008594
岡山県,浅口市,浅口市役所,133.584911,34.527834
岡山県,和気町,和気町役場,134.157539,34.802882
岡山県,新見市,新見市役所,133.470345,34.977058
岡山県,備前市,備前市役所,134.188137,34.745129
岡山県,瀬戸内市,瀬戸内市役所,134.092849,34.664893
岡山県,赤磐市,赤磐市役所,134.018848,34.755396
福岡県,北九州市,北九州市役所,130.875183,33.883408
福岡県,福岡市,福岡市役所,130.401735,33.590313
福岡県,大牟田市,大牟田市役所,130.446058,33.030248
福岡県,久留米市,久留米市役所,130.508371,33.319286
高知県,四万十町,四万十町役場,133.135546,33.208342
高知県,大月町,大月町役場,132.707092,32.841534
高知県,三原村,三原村役場,132.847233,32.906019
高知県,黒潮町,黒潮町役場,133.010953,33.024905
高知県,越知町,越知町役場,133.252221,33.532848
高知県,梼原町,檮原町役場,132.927065,33.39217
高知県,日高村,日高村役場,133.373342,33.534833
高知県,津野町,津野町役場,133.199377,33.446666
高知県,いの町,いの町役場,133.427583,33.548689
高知県,仁淀川町,仁淀川町役場,133.168288,33.575331
高知県,中土佐町,中土佐町役場,133.228122,33.327411
高知県,佐川町,佐川町役場,133.286642,33.500809
福岡県,春日市,春日市役所,130.470368,33.532629
福岡県,大野城市,大野城市役所,130.478697,33.53629
福岡県,宗像市,宗像市役所,130.540651,33.805448
福岡県,太宰府市,太宰府市役所,130.523876,33.512835
福岡県,豊前市,豊前市役所,131.129941,33.611538
福岡県,中間市,中間市役所,130.709026,33.816699
福岡県,小郡市,小郡市役所,130.555541,33.39645
福岡県,筑紫野市,筑紫野市役所,130.515594,33.496314
福岡県,八女市,八女市役所,130.557912,33.211952
福岡県,筑後市,筑後市役所,130.502151,33.212246
福岡県,大川市,大川市役所,130.383922,33.206622
福岡県,行橋市,行橋市役所,130.9829633,33.72876191
福岡県,直方市,直方市役所,130.729652,33.744181
福岡県,飯塚市,飯塚市役所,130.691422,33.646083
福岡県,田川市,田川市役所,130.806298,33.63876
福岡県,柳川市,柳川市役所,130.405739,33.163064
福岡県,新宮町,新宮町役場,130.446567,33.715313
福岡県,久山町,久山町役場,130.499906,33.646726
福岡県,粕屋町,粕屋町役場,130.480582,33.610854
福岡県,芦屋町,芦屋町役場,130.663874,33.893862
福岡県,宇美町,宇美町役場,130.511208,33.567768
福岡県,篠栗町,篠栗町役場,130.526207,33.623869
福岡県,志免町,志免町役場,130.479807,33.591503
福岡県,須恵町,須恵町役場,130.507234,33.587268
福岡県,嘉麻市,嘉麻市役所,130.71151,33.563283
福岡県,朝倉市,朝倉市役所,130.665573,33.423412
福岡県,みやま市,みやま市役所,130.474734,33.152434
福岡県,糸島市,糸島市役所,130.1955,33.55745
福岡県,古賀市,古賀市役所,130.469995,33.728664
福岡県,福津市,福津市役所,130.491038,33.766897
福岡県,うきは市,うきは市役所,130.754928,33.347305
福岡県,宮若市,宮若市役所,130.666716,33.723523
福岡県,添田町,添田町役場,130.854088,33.571816
福岡県,糸田町,糸田町役場,130.778958,33.652736
福岡県,川崎町,川崎町役場,130.814915,33.599956
福岡県,大任町,大任町役場,130.853742,33.612164
福岡県,大刀洗町,大刀洗町役場,130.622454,33.372425
福岡県,大木町,大木町役場,130.439806,33.210453
福岡県,広川町,広川町役場,130.551416,33.241499
福岡県,香春町,香春町役場,130.847401,33.668006
福岡県,鞍手町,鞍手町役場,130.674008,33.792112
福岡県,桂川町,桂川町役場,130.678118,33.578889
福岡県,筑前町,筑前町役場,130.595183,33.457033
福岡県,東峰村,東峰村役場,130.869919,33.397314
福岡県,水巻町,水巻町役場,130.694783,33.85485
福岡県,岡垣町,岡垣町役場,130.611749,33.853491
福岡県,遠賀町,遠賀町役場,130.668341,33.848166
福岡県,小竹町,小竹町役場,130.712691,33.692418
香川県,三豊市,三豊市役所,133.715203,34.182556
香川県,土庄町,土庄町役場,134.185594,34.485987
香川県,小豆島町,小豆島町役場,134.233548,34.482032
香川県,三木町,三木町役場,134.134363,34.268355
香川県,善通寺市,善通寺市役所,133.787153,34.228417
香川県,観音寺市,観音寺市役所,133.661597,34.12737
香川県,さぬき市,さぬき市役所,134.171989,34.32521
香川県,東かがわ市,東かがわ市役所,134.358837,34.243803
徳島県,東みよし町,東みよし町役場,133.93676,34.036785
香川県,高松市,高松市役所,134.046574,34.342791
香川県,丸亀市,丸亀市役所,133.797716,34.289482
香川県,坂出市,坂出市役所,133.860502,34.316478
徳島県,藍住町,藍住町役場,134.495112,34.126776
徳島県,板野町,板野町役場,134.462616,34.144364
徳島県,上板町,上板町役場,134.404999,34.121365
徳島県,つるぎ町,つるぎ町役場,134.064051,34.037307
愛媛県,大洲市,大洲市役所,132.544514,33.506285
愛媛県,伊予市,伊予市役所,132.703778,33.757461
愛媛県,四国中央市,四国中央市役所,133.549188,33.980694
愛媛県,西予市,西予市役所,132.510967,33.363017
愛媛県,宇和島市,宇和島市役所,132.560563,33.22334
愛媛県,八幡浜市,八幡浜市役所,132.423334,33.462898
愛媛県,新居浜市,新居浜市役所,133.283379,33.960329
愛媛県,西条市,西条市役所,133.181186,33.919615
香川県,多度津町,多度津町役場,133.753569,34.272474
香川県,まんのう町,まんのう町役場,133.841393,34.192334
愛媛県,松山市,松山市役所,132.765556,33.839157
愛媛県,今治市,今治市役所,132.997658,34.066043
香川県,直島町,直島町役場,133.995638,34.45983
香川県,宇多津町,宇多津町役場,133.825566,34.310301
香川県,綾川町,綾川町役場,133.923099,34.249613
香川県,琴平町,琴平町役場,133.823303,34.19142
高知県,安芸市,安芸市役所,133.907074,33.502416
高知県,南国市,南国市役所,133.64146,33.575673
高知県,土佐市,土佐市役所,133.425326,33.496012
高知県,須崎市,須崎市役所,133.282959,33.400745
愛媛県,鬼北町,鬼北町役場,132.684032,33.255792
愛媛県,愛南町,愛南町役場,132.583326,32.962168
高知県,高知市,高知市役所,133.531166,33.558788
高知県,室戸市,室戸市役所,134.151981,33.289955
愛媛県,砥部町,砥部町役場,132.792233,33.74926
愛媛県,内子町,内子町役場,132.658083,33.532937
愛媛県,伊方町,伊方町役場,132.353998,33.488593
愛媛県,松野町,松野町役場,132.710935,33.22715
愛媛県,東温市,東温市役所,132.872299,33.791027
愛媛県,上島町,上島町役場,133.204492,34.257467
愛媛県,久万高原町,久万高原町役場,132.901665,33.655603
愛媛県,松前町,松前町役場,132.711364,33.787479
高知県,本山町,本山町役場,133.591481,33.757028
高知県,大豊町,大豊町役場,133.664288,33.764299
高知県,土佐町,土佐町役場,133.532107,33.736896
高知県,大川村,大川村役場,133.466613,33.783927
高知県,安田町,安田町役場,133.98108,33.438601
高知県,北川村,北川村役場,134.042069,33.447694
高知県,馬路村,馬路村役場,134.048114,33.555347
高知県,芸西村,芸西村役場,133.808942,33.526915
高知県,香美市,香美市役所,133.686245,33.60386
高知県,東洋町,東洋町役場,134.279968,33.527976
高知県,奈半利町,奈半利町役場,134.020957,33.424179
高知県,田野町,田野町役場,134.008209,33.427713
高知県,宿毛市,宿毛市役所,132.726269,32.939014
高知県,土佐清水市,土佐清水市役所,132.9551,32.781603
高知県,四万十市,四万十市役所,132.93375,32.991385
高知県,香南市,香南市役所,133.700543,33.564124
滋賀県,甲良町,甲良町役場,136.26135,35.204224
滋賀県,多賀町,多賀町役場,136.292199,35.222035
京都府,京都市,京都市役所,135.768181,35.011574
京都府,福知山市,福知山市役所,135.126532,35.296725
滋賀県,日野町,日野町役場,136.246023,35.018018
滋賀県,竜王町,竜王町役場,136.124438,35.06075
滋賀県,愛荘町,愛荘町役場,136.212306,35.168834
滋賀県,豊郷町,豊郷町役場,136.229974,35.200382
滋賀県,湖南市,湖南市役所,136.084693,35.004106
滋賀県,高島市,高島市役所,136.035785,35.353052
滋賀県,東近江市,東近江市役所,136.20762,35.112603
滋賀県,米原市,米原市役所,136.284013,35.315355
滋賀県,守山市,守山市役所,135.99402,35.058663
滋賀県,栗東市,栗東市役所,135.997993,35.021614
滋賀県,甲賀市,甲賀市役所,136.167084,34.96612
滋賀県,野洲市,野洲市役所,136.025873,35.06747
京都府,木津川市,木津川市役所,135.820058,34.737179
京都府,大山崎町,大山崎町役場,135.688476,34.902795
京都府,久御山町,久御山町役場,135.732564,34.881502
京都府,井手町,井手町役場,135.803308,34.798373
京都府,八幡市,八幡市役所,135.707571,34.875533
京都府,京田辺市,京田辺市役所,135.767842,34.814442
京都府,京丹後市,京丹後市役所,135.060997,35.624169
京都府,南丹市,南丹市役所,135.470239,35.10739
京都府,亀岡市,亀岡市役所,135.573512,35.013475
京都府,城陽市,城陽市役所,135.780074,34.852958
京都府,向日市,向日市役所,135.698319,34.948699
京都府,長岡京市,長岡京市役所,135.695685,34.926782
京都府,舞鶴市,舞鶴市役所,135.385992,35.474797
京都府,綾部市,綾部市役所,135.258812,35.298916
京都府,宇治市,宇治市役所,135.79978,34.8844
京都府,宮津市,宮津市役所,135.195567,35.535577
大阪府,池田市,池田市役所,135.428555,34.821686
大阪府,吹田市,吹田市役所,135.516799,34.759405
大阪府,泉大津市,泉大津市役所,135.410472,34.504268
大阪府,高槻市,高槻市役所,135.617216,34.8461
大阪府,大阪市,大阪市役所,135.502046,34.693891
大阪府,堺市,堺市役所,135.48302,34.573354
大阪府,岸和田市,岸和田市役所,135.370871,34.460597
大阪府,豊中市,豊中市役所,135.469889,34.781239
京都府,南山城村,南山城村役場,135.993665,34.772787
京都府,京丹波町,京丹波町役場,135.423267,35.16435
京都府,伊根町,伊根町役場,135.272853,35.675172
京都府,与謝野町,与謝野町役場,135.152916,35.565375
京都府,宇治田原町,宇治田原町役場,135.85685,34.852665
京都府,笠置町,笠置町役場,135.93938,34.760497
京都府,和束町,和束町役場,135.904866,34.795726
京都府,精華町,精華町役場,135.785686,34.760819
大阪府,箕面市,箕面市役所,135.470379,34.826929
大阪府,柏原市,柏原市役所,135.628642,34.579305
大阪府,羽曳野市,羽曳野市役所,135.606226,34.558002
大阪府,門真市,門真市役所,135.586899,34.739145
大阪府,河内長野市,河内長野市役所,135.564119,34.458107
大阪府,松原市,松原市役所,135.551786,34.577901
大阪府,大東市,大東市役所,135.623471,34.712013
大阪府,和泉市,和泉市役所,135.423624,34.483635
大阪府,八尾市,八尾市役所,135.600948,34.626884
大阪府,泉佐野市,泉佐野市役所,135.327337,34.406839
大阪府,富田林市,富田林市役所,135.59728,34.499675
大阪府,寝屋川市,寝屋川市役所,135.628008,34.766079
大阪府,貝塚市,貝塚市役所,135.358431,34.437686
大阪府,守口市,守口市役所,135.563971,34.73768
大阪府,枚方市,枚方市役所,135.650642,34.814465
大阪府,茨木市,茨木市役所,135.568503,34.816153
愛知県,あま市,あま市役所,136.783227,35.200498
愛知県,長久手市,長久手市役所,137.048631,35.18412
愛知県,東郷町,東郷町役場,137.052623,35.09679
愛知県,豊山町,豊山町役場,136.911977,35.250462
愛知県,清須市,清須市役所,136.852934,35.199848
愛知県,北名古屋市,北名古屋市役所,136.865961,35.245657
愛知県,弥富市,弥富市役所,136.72472,35.110118
愛知県,みよし市,みよし市役所,137.074728,35.089699
愛知県,豊明市,市役所出張所,137.006892,35.060587
愛知県,日進市,日進市役所,137.039414,35.132018
愛知県,田原市,田原市役所,137.26383,34.668972
愛知県,愛西市,愛西市役所,136.728217,35.152802
愛知県,尾張旭市,尾張旭市役所,137.035412,35.216568
愛知県,高浜市,高浜市役所,136.98766,34.92763
愛知県,岩倉市,岩倉市役所,136.871428,35.279433
愛知県,豊明市,豊明市役所,137.013124,35.053756
愛知県,東栄町,東栄町役場,137.697833,35.07693
愛知県,豊根村,豊根村役場,137.719871,35.146394
三重県,津市,津市役所,136.505443,34.718563
三重県,四日市市,四日市市役所,136.624427,34.965092
愛知県,美浜町,美浜町役場,136.908251,34.778843
愛知県,武豊町,武豊町役場,136.914937,34.85097
愛知県,幸田町,幸田町役場,137.165667,34.864425
愛知県,設楽町,設楽町役場,137.571225,35.097298
愛知県,飛島村,飛島村役場,136.791157,35.078804
愛知県,阿久比町,阿久比町役場,136.915512,34.932569
愛知県,東浦町,東浦町役場,136.965569,34.977139
愛知県,南知多町,南知多町役場,136.929934,34.715169
愛知県,大口町,大口町役場,136.907694,35.332444
愛知県,扶桑町,扶桑町役場,136.913079,35.35914
愛知県,大治町,大治町役場,136.8201,35.175089
愛知県,蟹江町,蟹江町役場,136.786679,35.132339
三重県,木曽岬町,木曽岬町役場,136.731353,35.075958
三重県,東員町,東員町役場,136.583756,35.074125
三重県,菰野町,菰野町役場,136.507346,35.020001
三重県,朝日町,朝日町役場,136.664366,35.034221
三重県,熊野市,熊野市役所,136.100288,33.88862
三重県,いなべ市,いなべ市役所,136.561379,35.115709
三重県,志摩市,志摩市役所,136.829655,34.328218
三重県,伊賀市,伊賀市役所,136.129908,34.768829
三重県,名張市,名張市役所,136.108299,34.627662
三重県,尾鷲市,尾鷲市役所,136.190998,34.070799
三重県,亀山市,亀山市役所,136.451645,34.855755
三重県,鳥羽市,鳥羽市役所,136.843378,34.481432
三重県,伊勢市,伊勢市役所,136.709286,34.487506
三重県,松阪市,松阪市役所,136.527595,34.577974
三重県,桑名市,桑名市役所,136.683539,35.062288
三重県,鈴鹿市,鈴鹿市役所,136.584185,34.881866
滋賀県,彦根市,彦根市役所,136.259623,35.274464
滋賀県,長浜市,長浜市役所,136.275444,35.381447
滋賀県,近江八幡市,近江八幡市役所,136.097846,35.128214
滋賀県,草津市,草津市役所,135.959994,35.013123
三重県,紀北町,紀北町役場,136.336852,34.211199
三重県,御浜町,御浜町役場,136.048677,33.814505
三重県,紀宝町,紀宝町役場,136.009715,33.73387
滋賀県,大津市,大津市役所,135.854666,35.018357
三重県,玉城町,玉城町役場,136.630932,34.490276
三重県,度会町,度会町役場,136.62251,34.4389
三重県,大紀町,大紀町役場,136.415798,34.358023
三重県,南伊勢町,南伊勢町役場,136.70365,34.352059
三重県,川越町,川越町役場,136.673971,35.02295
三重県,多気町,多気町役場,136.546149,34.496156
三重県,明和町,明和町役場,136.623251,34.547528
三重県,大台町,大台町役場,136.407876,34.39337
奈良県,安堵町,安堵町役場,135.756781,34.606488
奈良県,川西町,川西町役場,135.773871,34.584383
奈良県,三宅町,三宅町役場,135.773177,34.573678
奈良県,田原本町,田原本町役場,135.79494,34.556667
奈良県,山添村,山添村役場,136.043797,34.681261
奈良県,平群町,平群町役場,135.700711,34.629155
奈良県,三郷町,三郷町役場,135.695425,34.599977
奈良県,斑鳩町,斑鳩町役場,135.730593,34.608852
奈良県,生駒市,生駒市役所,135.700553,34.691979
奈良県,香芝市,香芝市役所,135.699162,34.541295
奈良県,葛城市,葛城市役所,135.726563,34.489158
奈良県,宇陀市,宇陀市役所,135.952303,34.528073
奈良県,橿原市,橿原市役所,135.792756,34.509453
奈良県,桜井市,桜井市役所,135.843232,34.5187
奈良県,五條市,五條市役所,135.693497,34.352118
奈良県,御所市,御所市役所,135.740177,34.46334
奈良県,黒滝村,黒滝村役場,135.85225,34.309276
奈良県,天川村,天川村役場,135.855135,34.241929
奈良県,野迫川村,野迫川村役場,135.63303,34.166293
奈良県,十津川村,十津川村役場,135.792611,33.988504
奈良県,河合町,役場出張所,135.719945,34.585374
奈良県,吉野町,吉野町役場,135.857612,34.396046
奈良県,大淀町,大淀町役場,135.789798,34.390529
奈良県,下市町,下市町役場,135.791872,34.360951
奈良県,上牧町,上牧町役場,135.716674,34.562723
奈良県,王寺町,王寺町役場,135.706705,34.594696
奈良県,広陵町,広陵町役場,135.750842,34.54274
奈良県,河合町,河合町役場,135.736699,34.578369
奈良県,曽爾村,曽爾村役場,136.124475,34.510664
奈良県,御杖村,御杖村役場,136.16591,34.488391
奈良県,高取町,高取町役場,135.793168,34.449468
奈良県,明日香村,明日香村役場,135.820633,34.471281
和歌山県,岩出市,岩出市役所,135.311451,34.256267
和歌山県,紀美野町,紀美野町役場,135.307575,34.167192
和歌山県,かつらぎ町,かつらぎ町役場,135.503802,34.296416
和歌山県,九度山町,九度山町役場,135.562242,34.287192
和歌山県,御坊市,御坊市役所,135.152406,33.891412
和歌山県,田辺市,田辺市役所,135.377662,33.72801
和歌山県,新宮市,新宮市役所,135.992525,33.724224
和歌山県,紀の川市,紀の川市役所,135.362576,34.269538
和歌山県,和歌山市,和歌山市役所,135.170808,34.230514
和歌山県,海南市,海南市役所,135.209189,34.155311
和歌山県,橋本市,橋本市役所,135.605208,34.314876
和歌山県,有田市,有田市役所,135.127727,34.083104
奈良県,下北山村,下北山村役場,135.955178,34.00508
奈良県,上北山村,上北山村役場,136.000149,34.134321
奈良県,川上村,川上村役場,135.954303,34.338121
奈良県,東吉野村,東吉野村役場,135.968307,34.403541
和歌山県,すさみ町,すさみ町役場,135.496678,33.550062
和歌山県,那智勝浦町,那智勝浦町役場,135.941042,33.625988
和歌山県,太地町,太地町役場,135.943964,33.594037
和歌山県,古座川町,古座川町役場,135.814999,33.53199
和歌山県,みなべ町,みなべ町役場,135.321434,33.772333
和歌山県,日高川町,日高川町役場,135.186,33.911693
和歌山県,白浜町,白浜町役場,135.348108,33.678188
和歌山県,上富田町,上富田町役場,135.428802,33.696352
和歌山県,美浜町,美浜町役場,135.133265,33.893806
和歌山県,日高町,日高町役場,135.141072,33.925677
和歌山県,由良町,由良町役場,135.118187,33.959251
和歌山県,印南町,印南町役場,135.21825,33.81837
和歌山県,高野町,高野町役場,135.586536,34.216077
和歌山県,湯浅町,湯浅町役場,135.178567,34.032952
和歌山県,広川町,広川町役場,135.173072,34.029957
和歌山県,有田川町,有田川町役場,135.216116,34.057488
大阪府,忠岡町,忠岡町役場,135.401497,34.487125
大阪府,熊取町,熊取町役場,135.355863,34.401308
大阪府,田尻町,田尻町役場,135.291176,34.393782
大阪府,岬町,岬町役場,135.142085,34.3169
大阪府,阪南市,阪南市役所,135.239656,34.359594
大阪府,島本町,島本町役場,135.663009,34.883819
大阪府,豊能町,豊能町役場,135.494096,34.91885
大阪府,能勢町,能勢町役場,135.414189,34.972445
大阪府,泉南市,泉南市役所,135.2733,34.366007
大阪府,四條畷市,四條畷市役所,135.639727,34.740064
大阪府,交野市,交野市役所,135.679978,34.787958
大阪府,大阪狭山市,大阪狭山市役所,135.555748,34.503718
大阪府,摂津市,摂津市役所,135.561886,34.777387
大阪府,高石市,高石市役所,135.442395,34.520673
大阪府,藤井寺市,藤井寺市役所,135.597476,34.574283
大阪府,東大阪市,東大阪市役所,135.600898,34.679324
兵庫県,豊岡市,豊岡市役所,134.820187,35.544475
兵庫県,加古川市,加古川市役所,134.8409,34.75662
兵庫県,赤穂市,赤穂市役所,134.390354,34.754974
兵庫県,西脇市,西脇市役所,134.969284,34.993428
兵庫県,洲本市,洲本市役所,134.895653,34.342522
兵庫県,芦屋市,芦屋市役所,135.304179,34.726522
兵庫県,伊丹市,伊丹市役所,135.400933,34.784295
兵庫県,相生市,相生市役所,134.468193,34.803662
兵庫県,姫路市,姫路市役所,134.685458,34.815496
兵庫県,尼崎市,尼崎市役所,135.406394,34.733554
兵庫県,明石市,明石市役所,134.997182,34.643109
兵庫県,西宮市,西宮市役所,135.34183,34.737691
大阪府,太子町,太子町役場,135.647734,34.518656
大阪府,河南町,河南町役場,135.62988,34.491637
大阪府,千早赤阪村,千早赤阪村役場,135.622531,34.464601
兵庫県,神戸市,神戸市役所,135.195728,34.689495
兵庫県,淡路市,淡路市役所,134.914633,34.439847
兵庫県,宍粟市,宍粟市役所,134.549377,35.004435
兵庫県,加東市,加東市役所,134.973345,34.91737
兵庫県,たつの市,たつの市役所,134.545397,34.857847
兵庫県,養父市,養父市役所,134.767668,35.40464
兵庫県,丹波市,丹波市役所,135.035816,35.177259
兵庫県,南あわじ市,南あわじ市役所,134.779083,34.295807
兵庫県,朝来市,朝来市役所,134.853117,35.339835
兵庫県,小野市,小野市役所,134.931545,34.853183
兵庫県,三田市,三田市役所,135.22529,34.889672
兵庫県,加西市,加西市役所,134.841819,34.927811
兵庫県,篠山市,篠山市役所,135.219002,35.075673
兵庫県,宝塚市,宝塚市役所,135.360098,34.799817
兵庫県,三木市,三木市役所,134.990188,34.796922
兵庫県,高砂市,高砂市役所,134.790478,34.766248
兵庫県,川西市,川西市役所,135.417222,34.830132
奈良県,奈良市,奈良市役所,135.804995,34.685117
奈良県,大和高田市,大和高田市役所,135.736451,34.514975
奈良県,大和郡山市,大和郡山市役所,135.782747,34.649368
奈良県,天理市,天理市役所,135.837367,34.596617
兵庫県,上郡町,上郡町役場,134.356098,34.873583
兵庫県,佐用町,佐用町役場,134.355771,35.004296
兵庫県,香美町,香美町役場,134.629175,35.632169
兵庫県,新温泉町,新温泉町役場,134.448942,35.623509
兵庫県,市川町,市川町役場,134.763289,34.989365
兵庫県,福崎町,福崎町役場,134.760245,34.950319
兵庫県,神河町,神河町役場,134.739856,35.064235
兵庫県,太子町,太子町役場,134.57781,34.833469
兵庫県,猪名川町,猪名川町役場,135.376164,34.894966
兵庫県,多可町,多可町役場,134.923359,35.050315
兵庫県,稲美町,稲美町役場,134.913384,34.748627
兵庫県,播磨町,播磨町役場,134.867911,34.715302
山梨県,丹波山村,丹波山村役場,138.92225,35.789716
長野県,長野市,長野市役所,138.1942866,36.648631
長野県,松本市,松本市役所,137.971992,36.238096
長野県,上田市,上田市役所,138.249069,36.401942
山梨県,山中湖村,山中湖村役場,138.861078,35.410644
山梨県,鳴沢村,鳴沢村役場,138.706609,35.481318
山梨県,富士河口湖町,富士河口湖町役場,138.754926,35.497297
山梨県,小菅村,小菅村役場,138.940283,35.760274
山梨県,昭和町,昭和町役場,138.535148,35.627928
山梨県,道志村,道志村役場,139.033429,35.528025
山梨県,西桂町,西桂町役場,138.84688,35.524082
山梨県,忍野村,忍野村役場,138.847853,35.460062
山梨県,早川町,早川町役場,138.363192,35.412658
山梨県,身延町,身延町役場,138.442488,35.467569
山梨県,南部町,南部町役場,138.486054,35.2423
山梨県,富士川町,富士川町役場,138.461305,35.561163
長野県,佐久市,佐久市役所,138.476831,36.248788
長野県,千曲市,千曲市役所,138.119904,36.533857
長野県,東御市,東御市役所,138.330295,36.35955
長野県,安曇野市,安曇野市役所,137.899806,36.302827
長野県,大町市,大町市役所,137.851169,36.502976
長野県,飯山市,飯山市役所,138.365498,36.851745
長野県,茅野市,茅野市役所,138.158896,35.995571
長野県,塩尻市,塩尻市役所,137.95338,36.11502
長野県,小諸市,小諸市役所,138.426021,36.326874
長野県,伊那市,伊那市役所,137.954083,35.827478
長野県,駒ヶ根市,駒ヶ根市役所,137.933993,35.728861
長野県,中野市,中野市役所,138.36947,36.742027
長野県,岡谷市,岡谷市役所,138.049557,36.067003
長野県,飯田市,飯田市役所,137.821824,35.514703
長野県,諏訪市,諏訪市役所,138.113984,36.039175
長野県,須坂市,須坂市役所,138.307275,36.651117
長野県,富士見町,富士見町役場,138.24074,35.914652
長野県,原村,原村役場,138.217471,35.964354
長野県,辰野町,辰野町役場,137.987428,35.982413
長野県,箕輪町,箕輪町役場,137.981992,35.91502
長野県,立科町,立科町役場,138.315991,36.272089
長野県,青木村,青木村役場,138.128698,36.369998
長野県,長和町,長和町役場,138.267791,36.25594
長野県,下諏訪町,下諏訪町役場,138.080068,36.069577
長野県,北相木村,北相木村役場,138.551203,36.059195
長野県,佐久穂町,佐久穂町役場,138.483425,36.16098
長野県,軽井沢町,軽井沢町役場,138.596966,36.34831
長野県,御代田町,御代田町役場,138.508798,36.321155
長野県,小海町,小海町役場,138.483515,36.095241
長野県,川上村,川上村役場,138.578605,35.975487
長野県,南牧村,南牧村役場,138.492185,36.020907
長野県,南相木村,南相木村役場,138.54689,36.036072
長野県,天龍村,天龍村役場,137.854244,35.276307
長野県,泰阜村,泰阜村役場,137.846157,35.377434
長野県,喬木村,喬木村役場,137.873751,35.513823
長野県,豊丘村,豊丘村役場,137.895791,35.551497
長野県,平谷村,平谷村役場,137.630083,35.323279
長野県,根羽村,根羽村役場,137.581232,35.253061
長野県,下條村,下條村役場,137.785926,35.39733
長野県,売木村,売木村役場,137.711191,35.271068
長野県,松川町,松川町役場,137.909667,35.597231
長野県,高森町,高森町役場,137.878519,35.551542
長野県,阿南町,阿南町役場,137.81609,35.32362
長野県,阿智村,阿智村役場,137.747444,35.443791
長野県,飯島町,飯島町役場,137.919523,35.676622
長野県,南箕輪村,南箕輪村役場,137.975084,35.872853
長野県,中川村,中川村役場,137.945961,35.634617
長野県,宮田村,宮田村役場,137.944209,35.768882
富山県,入善町,入善町役場,137.502128,36.933578
富山県,朝日町,朝日町役場,137.559868,36.946179
石川県,金沢市,金沢市役所,136.656633,36.561051
石川県,七尾市,七尾市役所,136.967296,37.043108
富山県,射水市,射水市役所,137.099559,36.712222
富山県,舟橋村,舟橋村役場,137.307372,36.703525
富山県,上市町,上市町役場,137.362586,36.698429
富山県,立山町,立山町役場,137.313658,36.663346
富山県,黒部市,黒部市役所,137.449095,36.87359
富山県,砺波市,砺波市役所,136.962167,36.647467
富山県,小矢部市,小矢部市役所,136.868653,36.675531
富山県,南砺市,南砺市役所,136.919511,36.588049
富山県,高岡市,高岡市役所,137.025717,36.754099
富山県,魚津市,魚津市役所,137.40919,36.827367
富山県,氷見市,氷見市役所,136.972868,36.855978
富山県,滑川市,滑川市役所,137.34118,36.764394
石川県,志賀町,志賀町役場,136.77801,37.006187
石川県,宝達志水町,宝達志水町役場,136.797557,36.862759
石川県,中能登町,中能登町役場,136.901476,36.98889
石川県,穴水町,穴水町役場,136.912479,37.230874
石川県,野々市市,野々市市役所,136.609685,36.519466
石川県,川北町,川北町役場,136.542276,36.468632
石川県,津幡町,津幡町役場,136.728683,36.669093
石川県,内灘町,内灘町役場,136.645125,36.65353
石川県,羽咋市,羽咋市役所,136.778999,36.893599
石川県,かほく市,かほく市役所,136.706668,36.719973
石川県,白山市,白山市役所,136.565833,36.514427
石川県,能美市,能美市役所,136.554028,36.446888
石川県,小松市,小松市役所,136.445588,36.408357
石川県,輪島市,輪島市役所,136.899185,37.390557
石川県,珠洲市,珠洲市役所,137.260406,37.436369
石川県,加賀市,加賀市役所,136.314685,36.302669
福井県,南越前町,南越前町役場,136.194435,35.83515
福井県,越前町,越前町役場,136.129765,35.974264
福井県,美浜町,美浜町役場,135.940619,35.6006
福井県,高浜町,高浜町役場,135.550968,35.490392
福井県,越前市,越前市役所,136.168672,35.903471
福井県,坂井市,坂井市役所,136.231287,36.166902
福井県,永平寺町,永平寺町役場,136.298724,36.092248
福井県,池田町,池田町役場,136.344079,35.890383
福井県,大野市,大野市役所,136.487692,35.980564
福井県,勝山市,勝山市役所,136.500542,36.060917
福井県,鯖江市,鯖江市役所,136.184238,35.956565
福井県,あわら市,あわら市役所,136.229012,36.211361
石川県,能登町,能登町役場,137.150052,37.306588
福井県,福井市,福井市役所,136.219452,36.06412
福井県,敦賀市,敦賀市役所,136.055544,35.645222
福井県,小浜市,小浜市役所,135.746647,35.495593
山梨県,上野原市,上野原市役所,139.108751,35.630301
山梨県,甲州市,甲州市役所,138.729265,35.70516
山梨県,中央市,中央市役所,138.517269,35.599643
山梨県,市川三郷町,市川三郷町役場,138.502406,35.56512
